REF_DATE,GEO,DGUID,Labour force characteristics,Educational attainment,Sex,Age group,UOM,UOM_ID,SCALAR_FACTOR,SCALAR_ID,VECTOR,COORDINATE,VALUE,STATUS,SYMBOL,TERMINATED,DECIMALS
1990,Ontario,2016A000235,Population,0 to 8  years,Males,25 to 54 years,Persons,249,thousands,3,v2598232,7.1.2.2.6,150.6,,,,1
1991,Ontario,2016A000235,Population,0 to 8  years,Males,25 to 54 years,Persons,249,thousands,3,v2598232,7.1.2.2.6,134,,,,1
1992,Ontario,2016A000235,Population,0 to 8  years,Males,25 to 54 years,Persons,249,thousands,3,v2598232,7.1.2.2.6,136.5,,,,1
1993,Ontario,2016A000235,Population,0 to 8  years,Males,25 to 54 years,Persons,249,thousands,3,v2598232,7.1.2.2.6,118.9,,,,1
1994,Ontario,2016A000235,Population,0 to 8  years,Males,25 to 54 years,Persons,249,thousands,3,v2598232,7.1.2.2.6,129.6,,,,1
1995,Ontario,2016A000235,Population,0 to 8  years,Males,25 to 54 years,Persons,249,thousands,3,v2598232,7.1.2.2.6,118.7,,,,1
1996,Ontario,2016A000235,Population,0 to 8  years,Males,25 to 54 years,Persons,249,thousands,3,v2598232,7.1.2.2.6,123.7,,,,1
1997,Ontario,2016A000235,Population,0 to 8  years,Males,25 to 54 years,Persons,249,thousands,3,v2598232,7.1.2.2.6,106.7,,,,1
1998,Ontario,2016A000235,Population,0 to 8  years,Males,25 to 54 years,Persons,249,thousands,3,v2598232,7.1.2.2.6,102.8,,,,1
1999,Ontario,2016A000235,Population,0 to 8  years,Males,25 to 54 years,Persons,249,thousands,3,v2598232,7.1.2.2.6,92.9,,,,1
2000,Ontario,2016A000235,Population,0 to 8  years,Males,25 to 54 years,Persons,249,thousands,3,v2598232,7.1.2.2.6,84.4,,,,1
2001,Ontario,2016A000235,Population,0 to 8  years,Males,25 to 54 years,Persons,249,thousands,3,v2598232,7.1.2.2.6,74.6,,,,1
2002,Ontario,2016A000235,Population,0 to 8  years,Males,25 to 54 years,Persons,249,thousands,3,v2598232,7.1.2.2.6,73.1,,,,1
2003,Ontario,2016A000235,Population,0 to 8  years,Males,25 to 54 years,Persons,249,thousands,3,v2598232,7.1.2.2.6,76,,,,1
2004,Ontario,2016A000235,Population,0 to 8  years,Males,25 to 54 years,Persons,249,thousands,3,v2598232,7.1.2.2.6,70,,,,1
2005,Ontario,2016A000235,Population,0 to 8  years,Males,25 to 54 years,Persons,249,thousands,3,v2598232,7.1.2.2.6,71.7,,,,1
2006,Ontario,2016A000235,Population,0 to 8  years,Males,25 to 54 years,Persons,249,thousands,3,v2598232,7.1.2.2.6,68.5,,,,1
2007,Ontario,2016A000235,Population,0 to 8  years,Males,25 to 54 years,Persons,249,thousands,3,v2598232,7.1.2.2.6,64.8,,,,1
2008,Ontario,2016A000235,Population,0 to 8  years,Males,25 to 54 years,Persons,249,thousands,3,v2598232,7.1.2.2.6,61,,,,1
2009,Ontario,2016A000235,Population,0 to 8  years,Males,25 to 54 years,Persons,249,thousands,3,v2598232,7.1.2.2.6,60,,,,1
2010,Ontario,2016A000235,Population,0 to 8  years,Males,25 to 54 years,Persons,249,thousands,3,v2598232,7.1.2.2.6,54,,,,1
2011,Ontario,2016A000235,Population,0 to 8  years,Males,25 to 54 years,Persons,249,thousands,3,v2598232,7.1.2.2.6,51.1,,,,1
2012,Ontario,2016A000235,Population,0 to 8  years,Males,25 to 54 years,Persons,249,thousands,3,v2598232,7.1.2.2.6,55.8,,,,1
2013,Ontario,2016A000235,Population,0 to 8  years,Males,25 to 54 years,Persons,249,thousands,3,v2598232,7.1.2.2.6,49.8,,,,1
2014,Ontario,2016A000235,Population,0 to 8  years,Males,25 to 54 years,Persons,249,thousands,3,v2598232,7.1.2.2.6,50.1,,,,1
2015,Ontario,2016A000235,Population,0 to 8  years,Males,25 to 54 years,Persons,249,thousands,3,v2598232,7.1.2.2.6,38.5,,,,1
2016,Ontario,2016A000235,Population,0 to 8  years,Males,25 to 54 years,Persons,249,thousands,3,v2598232,7.1.2.2.6,43.6,,,,1
2017,Ontario,2016A000235,Population,0 to 8  years,Males,25 to 54 years,Persons,249,thousands,3,v2598232,7.1.2.2.6,50.1,,,,1
2018,Ontario,2016A000235,Population,0 to 8  years,Males,25 to 54 years,Persons,249,thousands,3,v2598232,7.1.2.2.6,38.7,,,,1
1990,Ontario,2016A000235,Population,0 to 8  years,Females,25 to 54 years,Persons,249,thousands,3,v2599042,7.1.2.3.6,145.5,,,,1
1991,Ontario,2016A000235,Population,0 to 8  years,Females,25 to 54 years,Persons,249,thousands,3,v2599042,7.1.2.3.6,144.9,,,,1
1992,Ontario,2016A000235,Population,0 to 8  years,Females,25 to 54 years,Persons,249,thousands,3,v2599042,7.1.2.3.6,142.2,,,,1
1993,Ontario,2016A000235,Population,0 to 8  years,Females,25 to 54 years,Persons,249,thousands,3,v2599042,7.1.2.3.6,118.9,,,,1
1994,Ontario,2016A000235,Population,0 to 8  years,Females,25 to 54 years,Persons,249,thousands,3,v2599042,7.1.2.3.6,125.4,,,,1
1995,Ontario,2016A000235,Population,0 to 8  years,Females,25 to 54 years,Persons,249,thousands,3,v2599042,7.1.2.3.6,122.5,,,,1
1996,Ontario,2016A000235,Population,0 to 8  years,Females,25 to 54 years,Persons,249,thousands,3,v2599042,7.1.2.3.6,121.7,,,,1
1997,Ontario,2016A000235,Population,0 to 8  years,Females,25 to 54 years,Persons,249,thousands,3,v2599042,7.1.2.3.6,117.6,,,,1
1998,Ontario,2016A000235,Population,0 to 8  years,Females,25 to 54 years,Persons,249,thousands,3,v2599042,7.1.2.3.6,117.8,,,,1
1999,Ontario,2016A000235,Population,0 to 8  years,Females,25 to 54 years,Persons,249,thousands,3,v2599042,7.1.2.3.6,105,,,,1
2000,Ontario,2016A000235,Population,0 to 8  years,Females,25 to 54 years,Persons,249,thousands,3,v2599042,7.1.2.3.6,88.3,,,,1
2001,Ontario,2016A000235,Population,0 to 8  years,Females,25 to 54 years,Persons,249,thousands,3,v2599042,7.1.2.3.6,80.7,,,,1
2002,Ontario,2016A000235,Population,0 to 8  years,Females,25 to 54 years,Persons,249,thousands,3,v2599042,7.1.2.3.6,74.8,,,,1
2003,Ontario,2016A000235,Population,0 to 8  years,Females,25 to 54 years,Persons,249,thousands,3,v2599042,7.1.2.3.6,74,,,,1
2004,Ontario,2016A000235,Population,0 to 8  years,Females,25 to 54 years,Persons,249,thousands,3,v2599042,7.1.2.3.6,76,,,,1
2005,Ontario,2016A000235,Population,0 to 8  years,Females,25 to 54 years,Persons,249,thousands,3,v2599042,7.1.2.3.6,73.4,,,,1
2006,Ontario,2016A000235,Population,0 to 8  years,Females,25 to 54 years,Persons,249,thousands,3,v2599042,7.1.2.3.6,71.2,,,,1
2007,Ontario,2016A000235,Population,0 to 8  years,Females,25 to 54 years,Persons,249,thousands,3,v2599042,7.1.2.3.6,63.4,,,,1
2008,Ontario,2016A000235,Population,0 to 8  years,Females,25 to 54 years,Persons,249,thousands,3,v2599042,7.1.2.3.6,59.4,,,,1
2009,Ontario,2016A000235,Population,0 to 8  years,Females,25 to 54 years,Persons,249,thousands,3,v2599042,7.1.2.3.6,57.9,,,,1
2010,Ontario,2016A000235,Population,0 to 8  years,Females,25 to 54 years,Persons,249,thousands,3,v2599042,7.1.2.3.6,54.8,,,,1
2011,Ontario,2016A000235,Population,0 to 8  years,Females,25 to 54 years,Persons,249,thousands,3,v2599042,7.1.2.3.6,47,,,,1
2012,Ontario,2016A000235,Population,0 to 8  years,Females,25 to 54 years,Persons,249,thousands,3,v2599042,7.1.2.3.6,49.2,,,,1
2013,Ontario,2016A000235,Population,0 to 8  years,Females,25 to 54 years,Persons,249,thousands,3,v2599042,7.1.2.3.6,49.8,,,,1
2014,Ontario,2016A000235,Population,0 to 8  years,Females,25 to 54 years,Persons,249,thousands,3,v2599042,7.1.2.3.6,45.8,,,,1
2015,Ontario,2016A000235,Population,0 to 8  years,Females,25 to 54 years,Persons,249,thousands,3,v2599042,7.1.2.3.6,43.4,,,,1
2016,Ontario,2016A000235,Population,0 to 8  years,Females,25 to 54 years,Persons,249,thousands,3,v2599042,7.1.2.3.6,46.5,,,,1
2017,Ontario,2016A000235,Population,0 to 8  years,Females,25 to 54 years,Persons,249,thousands,3,v2599042,7.1.2.3.6,41.8,,,,1
2018,Ontario,2016A000235,Population,0 to 8  years,Females,25 to 54 years,Persons,249,thousands,3,v2599042,7.1.2.3.6,41.8,,,,1
1990,Ontario,2016A000235,Population,Some high school,Males,25 to 54 years,Persons,249,thousands,3,v2598233,7.1.3.2.6,412.4,,,,1
1991,Ontario,2016A000235,Population,Some high school,Males,25 to 54 years,Persons,249,thousands,3,v2598233,7.1.3.2.6,410.4,,,,1
1992,Ontario,2016A000235,Population,Some high school,Males,25 to 54 years,Persons,249,thousands,3,v2598233,7.1.3.2.6,403.4,,,,1
1993,Ontario,2016A000235,Population,Some high school,Males,25 to 54 years,Persons,249,thousands,3,v2598233,7.1.3.2.6,390,,,,1
1994,Ontario,2016A000235,Population,Some high school,Males,25 to 54 years,Persons,249,thousands,3,v2598233,7.1.3.2.6,380.4,,,,1
1995,Ontario,2016A000235,Population,Some high school,Males,25 to 54 years,Persons,249,thousands,3,v2598233,7.1.3.2.6,345.6,,,,1
1996,Ontario,2016A000235,Population,Some high school,Males,25 to 54 years,Persons,249,thousands,3,v2598233,7.1.3.2.6,348.4,,,,1
1997,Ontario,2016A000235,Population,Some high school,Males,25 to 54 years,Persons,249,thousands,3,v2598233,7.1.3.2.6,331.6,,,,1
1998,Ontario,2016A000235,Population,Some high school,Males,25 to 54 years,Persons,249,thousands,3,v2598233,7.1.3.2.6,319.2,,,,1
1999,Ontario,2016A000235,Population,Some high school,Males,25 to 54 years,Persons,249,thousands,3,v2598233,7.1.3.2.6,307.9,,,,1
2000,Ontario,2016A000235,Population,Some high school,Males,25 to 54 years,Persons,249,thousands,3,v2598233,7.1.3.2.6,297,,,,1
2001,Ontario,2016A000235,Population,Some high school,Males,25 to 54 years,Persons,249,thousands,3,v2598233,7.1.3.2.6,280.4,,,,1
2002,Ontario,2016A000235,Population,Some high school,Males,25 to 54 years,Persons,249,thousands,3,v2598233,7.1.3.2.6,275.3,,,,1
2003,Ontario,2016A000235,Population,Some high school,Males,25 to 54 years,Persons,249,thousands,3,v2598233,7.1.3.2.6,253.2,,,,1
2004,Ontario,2016A000235,Population,Some high school,Males,25 to 54 years,Persons,249,thousands,3,v2598233,7.1.3.2.6,249.7,,,,1
2005,Ontario,2016A000235,Population,Some high school,Males,25 to 54 years,Persons,249,thousands,3,v2598233,7.1.3.2.6,252.5,,,,1
2006,Ontario,2016A000235,Population,Some high school,Males,25 to 54 years,Persons,249,thousands,3,v2598233,7.1.3.2.6,249.3,,,,1
2007,Ontario,2016A000235,Population,Some high school,Males,25 to 54 years,Persons,249,thousands,3,v2598233,7.1.3.2.6,228.5,,,,1
2008,Ontario,2016A000235,Population,Some high school,Males,25 to 54 years,Persons,249,thousands,3,v2598233,7.1.3.2.6,231.3,,,,1
2009,Ontario,2016A000235,Population,Some high school,Males,25 to 54 years,Persons,249,thousands,3,v2598233,7.1.3.2.6,219.1,,,,1
2010,Ontario,2016A000235,Population,Some high school,Males,25 to 54 years,Persons,249,thousands,3,v2598233,7.1.3.2.6,213,,,,1
2011,Ontario,2016A000235,Population,Some high school,Males,25 to 54 years,Persons,249,thousands,3,v2598233,7.1.3.2.6,200.1,,,,1
2012,Ontario,2016A000235,Population,Some high school,Males,25 to 54 years,Persons,249,thousands,3,v2598233,7.1.3.2.6,201,,,,1
2013,Ontario,2016A000235,Population,Some high school,Males,25 to 54 years,Persons,249,thousands,3,v2598233,7.1.3.2.6,197.9,,,,1
2014,Ontario,2016A000235,Population,Some high school,Males,25 to 54 years,Persons,249,thousands,3,v2598233,7.1.3.2.6,181.6,,,,1
2015,Ontario,2016A000235,Population,Some high school,Males,25 to 54 years,Persons,249,thousands,3,v2598233,7.1.3.2.6,168.2,,,,1
2016,Ontario,2016A000235,Population,Some high school,Males,25 to 54 years,Persons,249,thousands,3,v2598233,7.1.3.2.6,178.8,,,,1
2017,Ontario,2016A000235,Population,Some high school,Males,25 to 54 years,Persons,249,thousands,3,v2598233,7.1.3.2.6,164.5,,,,1
2018,Ontario,2016A000235,Population,Some high school,Males,25 to 54 years,Persons,249,thousands,3,v2598233,7.1.3.2.6,152.7,,,,1
1990,Ontario,2016A000235,Population,Some high school,Females,25 to 54 years,Persons,249,thousands,3,v2599043,7.1.3.3.6,395.6,,,,1
1991,Ontario,2016A000235,Population,Some high school,Females,25 to 54 years,Persons,249,thousands,3,v2599043,7.1.3.3.6,409.3,,,,1
1992,Ontario,2016A000235,Population,Some high school,Females,25 to 54 years,Persons,249,thousands,3,v2599043,7.1.3.3.6,382.6,,,,1
1993,Ontario,2016A000235,Population,Some high school,Females,25 to 54 years,Persons,249,thousands,3,v2599043,7.1.3.3.6,378.7,,,,1
1994,Ontario,2016A000235,Population,Some high school,Females,25 to 54 years,Persons,249,thousands,3,v2599043,7.1.3.3.6,347.8,,,,1
1995,Ontario,2016A000235,Population,Some high school,Females,25 to 54 years,Persons,249,thousands,3,v2599043,7.1.3.3.6,326.7,,,,1
1996,Ontario,2016A000235,Population,Some high school,Females,25 to 54 years,Persons,249,thousands,3,v2599043,7.1.3.3.6,317,,,,1
1997,Ontario,2016A000235,Population,Some high school,Females,25 to 54 years,Persons,249,thousands,3,v2599043,7.1.3.3.6,295.2,,,,1
1998,Ontario,2016A000235,Population,Some high school,Females,25 to 54 years,Persons,249,thousands,3,v2599043,7.1.3.3.6,289.1,,,,1
1999,Ontario,2016A000235,Population,Some high school,Females,25 to 54 years,Persons,249,thousands,3,v2599043,7.1.3.3.6,270.6,,,,1
2000,Ontario,2016A000235,Population,Some high school,Females,25 to 54 years,Persons,249,thousands,3,v2599043,7.1.3.3.6,258.3,,,,1
2001,Ontario,2016A000235,Population,Some high school,Females,25 to 54 years,Persons,249,thousands,3,v2599043,7.1.3.3.6,248.2,,,,1
2002,Ontario,2016A000235,Population,Some high school,Females,25 to 54 years,Persons,249,thousands,3,v2599043,7.1.3.3.6,231.3,,,,1
2003,Ontario,2016A000235,Population,Some high school,Females,25 to 54 years,Persons,249,thousands,3,v2599043,7.1.3.3.6,211.6,,,,1
2004,Ontario,2016A000235,Population,Some high school,Females,25 to 54 years,Persons,249,thousands,3,v2599043,7.1.3.3.6,205.9,,,,1
2005,Ontario,2016A000235,Population,Some high school,Females,25 to 54 years,Persons,249,thousands,3,v2599043,7.1.3.3.6,191,,,,1
2006,Ontario,2016A000235,Population,Some high school,Females,25 to 54 years,Persons,249,thousands,3,v2599043,7.1.3.3.6,194.2,,,,1
2007,Ontario,2016A000235,Population,Some high school,Females,25 to 54 years,Persons,249,thousands,3,v2599043,7.1.3.3.6,171.8,,,,1
2008,Ontario,2016A000235,Population,Some high school,Females,25 to 54 years,Persons,249,thousands,3,v2599043,7.1.3.3.6,165.8,,,,1
2009,Ontario,2016A000235,Population,Some high school,Females,25 to 54 years,Persons,249,thousands,3,v2599043,7.1.3.3.6,162.1,,,,1
2010,Ontario,2016A000235,Population,Some high school,Females,25 to 54 years,Persons,249,thousands,3,v2599043,7.1.3.3.6,143.4,,,,1
2011,Ontario,2016A000235,Population,Some high school,Females,25 to 54 years,Persons,249,thousands,3,v2599043,7.1.3.3.6,146.3,,,,1
2012,Ontario,2016A000235,Population,Some high school,Females,25 to 54 years,Persons,249,thousands,3,v2599043,7.1.3.3.6,151,,,,1
2013,Ontario,2016A000235,Population,Some high school,Females,25 to 54 years,Persons,249,thousands,3,v2599043,7.1.3.3.6,130.3,,,,1
2014,Ontario,2016A000235,Population,Some high school,Females,25 to 54 years,Persons,249,thousands,3,v2599043,7.1.3.3.6,134.7,,,,1
2015,Ontario,2016A000235,Population,Some high school,Females,25 to 54 years,Persons,249,thousands,3,v2599043,7.1.3.3.6,127.6,,,,1
2016,Ontario,2016A000235,Population,Some high school,Females,25 to 54 years,Persons,249,thousands,3,v2599043,7.1.3.3.6,118,,,,1
2017,Ontario,2016A000235,Population,Some high school,Females,25 to 54 years,Persons,249,thousands,3,v2599043,7.1.3.3.6,113.8,,,,1
2018,Ontario,2016A000235,Population,Some high school,Females,25 to 54 years,Persons,249,thousands,3,v2599043,7.1.3.3.6,98.6,,,,1
1990,Ontario,2016A000235,Population,High school graduate,Males,25 to 54 years,Persons,249,thousands,3,v2598234,7.1.4.2.6,452.7,,,,1
1991,Ontario,2016A000235,Population,High school graduate,Males,25 to 54 years,Persons,249,thousands,3,v2598234,7.1.4.2.6,478.3,,,,1
1992,Ontario,2016A000235,Population,High school graduate,Males,25 to 54 years,Persons,249,thousands,3,v2598234,7.1.4.2.6,496.3,,,,1
1993,Ontario,2016A000235,Population,High school graduate,Males,25 to 54 years,Persons,249,thousands,3,v2598234,7.1.4.2.6,524.8,,,,1
1994,Ontario,2016A000235,Population,High school graduate,Males,25 to 54 years,Persons,249,thousands,3,v2598234,7.1.4.2.6,492.7,,,,1
1995,Ontario,2016A000235,Population,High school graduate,Males,25 to 54 years,Persons,249,thousands,3,v2598234,7.1.4.2.6,519,,,,1
1996,Ontario,2016A000235,Population,High school graduate,Males,25 to 54 years,Persons,249,thousands,3,v2598234,7.1.4.2.6,527.8,,,,1
1997,Ontario,2016A000235,Population,High school graduate,Males,25 to 54 years,Persons,249,thousands,3,v2598234,7.1.4.2.6,508,,,,1
1998,Ontario,2016A000235,Population,High school graduate,Males,25 to 54 years,Persons,249,thousands,3,v2598234,7.1.4.2.6,532.6,,,,1
1999,Ontario,2016A000235,Population,High school graduate,Males,25 to 54 years,Persons,249,thousands,3,v2598234,7.1.4.2.6,539.7,,,,1
2000,Ontario,2016A000235,Population,High school graduate,Males,25 to 54 years,Persons,249,thousands,3,v2598234,7.1.4.2.6,547.9,,,,1
2001,Ontario,2016A000235,Population,High school graduate,Males,25 to 54 years,Persons,249,thousands,3,v2598234,7.1.4.2.6,562.8,,,,1
2002,Ontario,2016A000235,Population,High school graduate,Males,25 to 54 years,Persons,249,thousands,3,v2598234,7.1.4.2.6,576.7,,,,1
2003,Ontario,2016A000235,Population,High school graduate,Males,25 to 54 years,Persons,249,thousands,3,v2598234,7.1.4.2.6,553.4,,,,1
2004,Ontario,2016A000235,Population,High school graduate,Males,25 to 54 years,Persons,249,thousands,3,v2598234,7.1.4.2.6,559.9,,,,1
2005,Ontario,2016A000235,Population,High school graduate,Males,25 to 54 years,Persons,249,thousands,3,v2598234,7.1.4.2.6,571.5,,,,1
2006,Ontario,2016A000235,Population,High school graduate,Males,25 to 54 years,Persons,249,thousands,3,v2598234,7.1.4.2.6,591.4,,,,1
2007,Ontario,2016A000235,Population,High school graduate,Males,25 to 54 years,Persons,249,thousands,3,v2598234,7.1.4.2.6,574.4,,,,1
2008,Ontario,2016A000235,Population,High school graduate,Males,25 to 54 years,Persons,249,thousands,3,v2598234,7.1.4.2.6,554.8,,,,1
2009,Ontario,2016A000235,Population,High school graduate,Males,25 to 54 years,Persons,249,thousands,3,v2598234,7.1.4.2.6,574.7,,,,1
2010,Ontario,2016A000235,Population,High school graduate,Males,25 to 54 years,Persons,249,thousands,3,v2598234,7.1.4.2.6,584.6,,,,1
2011,Ontario,2016A000235,Population,High school graduate,Males,25 to 54 years,Persons,249,thousands,3,v2598234,7.1.4.2.6,584.7,,,,1
2012,Ontario,2016A000235,Population,High school graduate,Males,25 to 54 years,Persons,249,thousands,3,v2598234,7.1.4.2.6,587.8,,,,1
2013,Ontario,2016A000235,Population,High school graduate,Males,25 to 54 years,Persons,249,thousands,3,v2598234,7.1.4.2.6,590.7,,,,1
2014,Ontario,2016A000235,Population,High school graduate,Males,25 to 54 years,Persons,249,thousands,3,v2598234,7.1.4.2.6,585.9,,,,1
2015,Ontario,2016A000235,Population,High school graduate,Males,25 to 54 years,Persons,249,thousands,3,v2598234,7.1.4.2.6,569,,,,1
2016,Ontario,2016A000235,Population,High school graduate,Males,25 to 54 years,Persons,249,thousands,3,v2598234,7.1.4.2.6,547.6,,,,1
2017,Ontario,2016A000235,Population,High school graduate,Males,25 to 54 years,Persons,249,thousands,3,v2598234,7.1.4.2.6,576.1,,,,1
2018,Ontario,2016A000235,Population,High school graduate,Males,25 to 54 years,Persons,249,thousands,3,v2598234,7.1.4.2.6,564.7,,,,1
1990,Ontario,2016A000235,Population,High school graduate,Females,25 to 54 years,Persons,249,thousands,3,v2599044,7.1.4.3.6,576.2,,,,1
1991,Ontario,2016A000235,Population,High school graduate,Females,25 to 54 years,Persons,249,thousands,3,v2599044,7.1.4.3.6,584.4,,,,1
1992,Ontario,2016A000235,Population,High school graduate,Females,25 to 54 years,Persons,249,thousands,3,v2599044,7.1.4.3.6,607.8,,,,1
1993,Ontario,2016A000235,Population,High school graduate,Females,25 to 54 years,Persons,249,thousands,3,v2599044,7.1.4.3.6,647.3,,,,1
1994,Ontario,2016A000235,Population,High school graduate,Females,25 to 54 years,Persons,249,thousands,3,v2599044,7.1.4.3.6,582.9,,,,1
1995,Ontario,2016A000235,Population,High school graduate,Females,25 to 54 years,Persons,249,thousands,3,v2599044,7.1.4.3.6,607.2,,,,1
1996,Ontario,2016A000235,Population,High school graduate,Females,25 to 54 years,Persons,249,thousands,3,v2599044,7.1.4.3.6,628,,,,1
1997,Ontario,2016A000235,Population,High school graduate,Females,25 to 54 years,Persons,249,thousands,3,v2599044,7.1.4.3.6,580.9,,,,1
1998,Ontario,2016A000235,Population,High school graduate,Females,25 to 54 years,Persons,249,thousands,3,v2599044,7.1.4.3.6,593.9,,,,1
1999,Ontario,2016A000235,Population,High school graduate,Females,25 to 54 years,Persons,249,thousands,3,v2599044,7.1.4.3.6,605.6,,,,1
2000,Ontario,2016A000235,Population,High school graduate,Females,25 to 54 years,Persons,249,thousands,3,v2599044,7.1.4.3.6,612.7,,,,1
2001,Ontario,2016A000235,Population,High school graduate,Females,25 to 54 years,Persons,249,thousands,3,v2599044,7.1.4.3.6,616.2,,,,1
2002,Ontario,2016A000235,Population,High school graduate,Females,25 to 54 years,Persons,249,thousands,3,v2599044,7.1.4.3.6,637.2,,,,1
2003,Ontario,2016A000235,Population,High school graduate,Females,25 to 54 years,Persons,249,thousands,3,v2599044,7.1.4.3.6,603.8,,,,1
2004,Ontario,2016A000235,Population,High school graduate,Females,25 to 54 years,Persons,249,thousands,3,v2599044,7.1.4.3.6,589.3,,,,1
2005,Ontario,2016A000235,Population,High school graduate,Females,25 to 54 years,Persons,249,thousands,3,v2599044,7.1.4.3.6,613.6,,,,1
2006,Ontario,2016A000235,Population,High school graduate,Females,25 to 54 years,Persons,249,thousands,3,v2599044,7.1.4.3.6,587.1,,,,1
2007,Ontario,2016A000235,Population,High school graduate,Females,25 to 54 years,Persons,249,thousands,3,v2599044,7.1.4.3.6,577.5,,,,1
2008,Ontario,2016A000235,Population,High school graduate,Females,25 to 54 years,Persons,249,thousands,3,v2599044,7.1.4.3.6,557,,,,1
2009,Ontario,2016A000235,Population,High school graduate,Females,25 to 54 years,Persons,249,thousands,3,v2599044,7.1.4.3.6,564.8,,,,1
2010,Ontario,2016A000235,Population,High school graduate,Females,25 to 54 years,Persons,249,thousands,3,v2599044,7.1.4.3.6,563.4,,,,1
2011,Ontario,2016A000235,Population,High school graduate,Females,25 to 54 years,Persons,249,thousands,3,v2599044,7.1.4.3.6,533.6,,,,1
2012,Ontario,2016A000235,Population,High school graduate,Females,25 to 54 years,Persons,249,thousands,3,v2599044,7.1.4.3.6,522.7,,,,1
2013,Ontario,2016A000235,Population,High school graduate,Females,25 to 54 years,Persons,249,thousands,3,v2599044,7.1.4.3.6,517,,,,1
2014,Ontario,2016A000235,Population,High school graduate,Females,25 to 54 years,Persons,249,thousands,3,v2599044,7.1.4.3.6,533,,,,1
2015,Ontario,2016A000235,Population,High school graduate,Females,25 to 54 years,Persons,249,thousands,3,v2599044,7.1.4.3.6,499.7,,,,1
2016,Ontario,2016A000235,Population,High school graduate,Females,25 to 54 years,Persons,249,thousands,3,v2599044,7.1.4.3.6,458.6,,,,1
2017,Ontario,2016A000235,Population,High school graduate,Females,25 to 54 years,Persons,249,thousands,3,v2599044,7.1.4.3.6,490.8,,,,1
2018,Ontario,2016A000235,Population,High school graduate,Females,25 to 54 years,Persons,249,thousands,3,v2599044,7.1.4.3.6,453.9,,,,1
1990,Ontario,2016A000235,Population,Some postsecondary,Males,25 to 54 years,Persons,249,thousands,3,v2598235,7.1.5.2.6,190.9,,,,1
1991,Ontario,2016A000235,Population,Some postsecondary,Males,25 to 54 years,Persons,249,thousands,3,v2598235,7.1.5.2.6,194.2,,,,1
1992,Ontario,2016A000235,Population,Some postsecondary,Males,25 to 54 years,Persons,249,thousands,3,v2598235,7.1.5.2.6,200.9,,,,1
1993,Ontario,2016A000235,Population,Some postsecondary,Males,25 to 54 years,Persons,249,thousands,3,v2598235,7.1.5.2.6,202.2,,,,1
1994,Ontario,2016A000235,Population,Some postsecondary,Males,25 to 54 years,Persons,249,thousands,3,v2598235,7.1.5.2.6,194.3,,,,1
1995,Ontario,2016A000235,Population,Some postsecondary,Males,25 to 54 years,Persons,249,thousands,3,v2598235,7.1.5.2.6,205.7,,,,1
1996,Ontario,2016A000235,Population,Some postsecondary,Males,25 to 54 years,Persons,249,thousands,3,v2598235,7.1.5.2.6,201.3,,,,1
1997,Ontario,2016A000235,Population,Some postsecondary,Males,25 to 54 years,Persons,249,thousands,3,v2598235,7.1.5.2.6,204.7,,,,1
1998,Ontario,2016A000235,Population,Some postsecondary,Males,25 to 54 years,Persons,249,thousands,3,v2598235,7.1.5.2.6,203.7,,,,1
1999,Ontario,2016A000235,Population,Some postsecondary,Males,25 to 54 years,Persons,249,thousands,3,v2598235,7.1.5.2.6,210,,,,1
2000,Ontario,2016A000235,Population,Some postsecondary,Males,25 to 54 years,Persons,249,thousands,3,v2598235,7.1.5.2.6,216,,,,1
2001,Ontario,2016A000235,Population,Some postsecondary,Males,25 to 54 years,Persons,249,thousands,3,v2598235,7.1.5.2.6,190.6,,,,1
2002,Ontario,2016A000235,Population,Some postsecondary,Males,25 to 54 years,Persons,249,thousands,3,v2598235,7.1.5.2.6,200.3,,,,1
2003,Ontario,2016A000235,Population,Some postsecondary,Males,25 to 54 years,Persons,249,thousands,3,v2598235,7.1.5.2.6,211.2,,,,1
2004,Ontario,2016A000235,Population,Some postsecondary,Males,25 to 54 years,Persons,249,thousands,3,v2598235,7.1.5.2.6,220.5,,,,1
2005,Ontario,2016A000235,Population,Some postsecondary,Males,25 to 54 years,Persons,249,thousands,3,v2598235,7.1.5.2.6,185.7,,,,1
2006,Ontario,2016A000235,Population,Some postsecondary,Males,25 to 54 years,Persons,249,thousands,3,v2598235,7.1.5.2.6,173,,,,1
2007,Ontario,2016A000235,Population,Some postsecondary,Males,25 to 54 years,Persons,249,thousands,3,v2598235,7.1.5.2.6,169.3,,,,1
2008,Ontario,2016A000235,Population,Some postsecondary,Males,25 to 54 years,Persons,249,thousands,3,v2598235,7.1.5.2.6,181.6,,,,1
2009,Ontario,2016A000235,Population,Some postsecondary,Males,25 to 54 years,Persons,249,thousands,3,v2598235,7.1.5.2.6,170.1,,,,1
2010,Ontario,2016A000235,Population,Some postsecondary,Males,25 to 54 years,Persons,249,thousands,3,v2598235,7.1.5.2.6,177.4,,,,1
2011,Ontario,2016A000235,Population,Some postsecondary,Males,25 to 54 years,Persons,249,thousands,3,v2598235,7.1.5.2.6,159.4,,,,1
2012,Ontario,2016A000235,Population,Some postsecondary,Males,25 to 54 years,Persons,249,thousands,3,v2598235,7.1.5.2.6,150.9,,,,1
2013,Ontario,2016A000235,Population,Some postsecondary,Males,25 to 54 years,Persons,249,thousands,3,v2598235,7.1.5.2.6,151.1,,,,1
2014,Ontario,2016A000235,Population,Some postsecondary,Males,25 to 54 years,Persons,249,thousands,3,v2598235,7.1.5.2.6,151.3,,,,1
2015,Ontario,2016A000235,Population,Some postsecondary,Males,25 to 54 years,Persons,249,thousands,3,v2598235,7.1.5.2.6,144.5,,,,1
2016,Ontario,2016A000235,Population,Some postsecondary,Males,25 to 54 years,Persons,249,thousands,3,v2598235,7.1.5.2.6,150.6,,,,1
2017,Ontario,2016A000235,Population,Some postsecondary,Males,25 to 54 years,Persons,249,thousands,3,v2598235,7.1.5.2.6,142.7,,,,1
2018,Ontario,2016A000235,Population,Some postsecondary,Males,25 to 54 years,Persons,249,thousands,3,v2598235,7.1.5.2.6,146,,,,1
1990,Ontario,2016A000235,Population,Some postsecondary,Females,25 to 54 years,Persons,249,thousands,3,v2599045,7.1.5.3.6,195,,,,1
1991,Ontario,2016A000235,Population,Some postsecondary,Females,25 to 54 years,Persons,249,thousands,3,v2599045,7.1.5.3.6,208.4,,,,1
1992,Ontario,2016A000235,Population,Some postsecondary,Females,25 to 54 years,Persons,249,thousands,3,v2599045,7.1.5.3.6,208,,,,1
1993,Ontario,2016A000235,Population,Some postsecondary,Females,25 to 54 years,Persons,249,thousands,3,v2599045,7.1.5.3.6,209,,,,1
1994,Ontario,2016A000235,Population,Some postsecondary,Females,25 to 54 years,Persons,249,thousands,3,v2599045,7.1.5.3.6,212.1,,,,1
1995,Ontario,2016A000235,Population,Some postsecondary,Females,25 to 54 years,Persons,249,thousands,3,v2599045,7.1.5.3.6,227,,,,1
1996,Ontario,2016A000235,Population,Some postsecondary,Females,25 to 54 years,Persons,249,thousands,3,v2599045,7.1.5.3.6,213.2,,,,1
1997,Ontario,2016A000235,Population,Some postsecondary,Females,25 to 54 years,Persons,249,thousands,3,v2599045,7.1.5.3.6,214.3,,,,1
1998,Ontario,2016A000235,Population,Some postsecondary,Females,25 to 54 years,Persons,249,thousands,3,v2599045,7.1.5.3.6,227.6,,,,1
1999,Ontario,2016A000235,Population,Some postsecondary,Females,25 to 54 years,Persons,249,thousands,3,v2599045,7.1.5.3.6,216,,,,1
2000,Ontario,2016A000235,Population,Some postsecondary,Females,25 to 54 years,Persons,249,thousands,3,v2599045,7.1.5.3.6,223.5,,,,1
2001,Ontario,2016A000235,Population,Some postsecondary,Females,25 to 54 years,Persons,249,thousands,3,v2599045,7.1.5.3.6,209.2,,,,1
2002,Ontario,2016A000235,Population,Some postsecondary,Females,25 to 54 years,Persons,249,thousands,3,v2599045,7.1.5.3.6,201.1,,,,1
2003,Ontario,2016A000235,Population,Some postsecondary,Females,25 to 54 years,Persons,249,thousands,3,v2599045,7.1.5.3.6,224.1,,,,1
2004,Ontario,2016A000235,Population,Some postsecondary,Females,25 to 54 years,Persons,249,thousands,3,v2599045,7.1.5.3.6,209.1,,,,1
2005,Ontario,2016A000235,Population,Some postsecondary,Females,25 to 54 years,Persons,249,thousands,3,v2599045,7.1.5.3.6,171.7,,,,1
2006,Ontario,2016A000235,Population,Some postsecondary,Females,25 to 54 years,Persons,249,thousands,3,v2599045,7.1.5.3.6,155.7,,,,1
2007,Ontario,2016A000235,Population,Some postsecondary,Females,25 to 54 years,Persons,249,thousands,3,v2599045,7.1.5.3.6,155,,,,1
2008,Ontario,2016A000235,Population,Some postsecondary,Females,25 to 54 years,Persons,249,thousands,3,v2599045,7.1.5.3.6,162.7,,,,1
2009,Ontario,2016A000235,Population,Some postsecondary,Females,25 to 54 years,Persons,249,thousands,3,v2599045,7.1.5.3.6,153.9,,,,1
2010,Ontario,2016A000235,Population,Some postsecondary,Females,25 to 54 years,Persons,249,thousands,3,v2599045,7.1.5.3.6,145.5,,,,1
2011,Ontario,2016A000235,Population,Some postsecondary,Females,25 to 54 years,Persons,249,thousands,3,v2599045,7.1.5.3.6,154.1,,,,1
2012,Ontario,2016A000235,Population,Some postsecondary,Females,25 to 54 years,Persons,249,thousands,3,v2599045,7.1.5.3.6,142.3,,,,1
2013,Ontario,2016A000235,Population,Some postsecondary,Females,25 to 54 years,Persons,249,thousands,3,v2599045,7.1.5.3.6,131.8,,,,1
2014,Ontario,2016A000235,Population,Some postsecondary,Females,25 to 54 years,Persons,249,thousands,3,v2599045,7.1.5.3.6,136.4,,,,1
2015,Ontario,2016A000235,Population,Some postsecondary,Females,25 to 54 years,Persons,249,thousands,3,v2599045,7.1.5.3.6,122.7,,,,1
2016,Ontario,2016A000235,Population,Some postsecondary,Females,25 to 54 years,Persons,249,thousands,3,v2599045,7.1.5.3.6,120.1,,,,1
2017,Ontario,2016A000235,Population,Some postsecondary,Females,25 to 54 years,Persons,249,thousands,3,v2599045,7.1.5.3.6,108.5,,,,1
2018,Ontario,2016A000235,Population,Some postsecondary,Females,25 to 54 years,Persons,249,thousands,3,v2599045,7.1.5.3.6,114.5,,,,1
1990,Ontario,2016A000235,Population,Postsecondary certificate or diploma,Males,25 to 54 years,Persons,249,thousands,3,v2598236,7.1.6.2.6,588.4,,,,1
1991,Ontario,2016A000235,Population,Postsecondary certificate or diploma,Males,25 to 54 years,Persons,249,thousands,3,v2598236,7.1.6.2.6,588,,,,1
1992,Ontario,2016A000235,Population,Postsecondary certificate or diploma,Males,25 to 54 years,Persons,249,thousands,3,v2598236,7.1.6.2.6,622.9,,,,1
1993,Ontario,2016A000235,Population,Postsecondary certificate or diploma,Males,25 to 54 years,Persons,249,thousands,3,v2598236,7.1.6.2.6,613.5,,,,1
1994,Ontario,2016A000235,Population,Postsecondary certificate or diploma,Males,25 to 54 years,Persons,249,thousands,3,v2598236,7.1.6.2.6,670.2,,,,1
1995,Ontario,2016A000235,Population,Postsecondary certificate or diploma,Males,25 to 54 years,Persons,249,thousands,3,v2598236,7.1.6.2.6,714.8,,,,1
1996,Ontario,2016A000235,Population,Postsecondary certificate or diploma,Males,25 to 54 years,Persons,249,thousands,3,v2598236,7.1.6.2.6,732.6,,,,1
1997,Ontario,2016A000235,Population,Postsecondary certificate or diploma,Males,25 to 54 years,Persons,249,thousands,3,v2598236,7.1.6.2.6,799.1,,,,1
1998,Ontario,2016A000235,Population,Postsecondary certificate or diploma,Males,25 to 54 years,Persons,249,thousands,3,v2598236,7.1.6.2.6,814.8,,,,1
1999,Ontario,2016A000235,Population,Postsecondary certificate or diploma,Males,25 to 54 years,Persons,249,thousands,3,v2598236,7.1.6.2.6,823.7,,,,1
2000,Ontario,2016A000235,Population,Postsecondary certificate or diploma,Males,25 to 54 years,Persons,249,thousands,3,v2598236,7.1.6.2.6,836.5,,,,1
2001,Ontario,2016A000235,Population,Postsecondary certificate or diploma,Males,25 to 54 years,Persons,249,thousands,3,v2598236,7.1.6.2.6,889.8,,,,1
2002,Ontario,2016A000235,Population,Postsecondary certificate or diploma,Males,25 to 54 years,Persons,249,thousands,3,v2598236,7.1.6.2.6,881.9,,,,1
2003,Ontario,2016A000235,Population,Postsecondary certificate or diploma,Males,25 to 54 years,Persons,249,thousands,3,v2598236,7.1.6.2.6,910.4,,,,1
2004,Ontario,2016A000235,Population,Postsecondary certificate or diploma,Males,25 to 54 years,Persons,249,thousands,3,v2598236,7.1.6.2.6,910,,,,1
2005,Ontario,2016A000235,Population,Postsecondary certificate or diploma,Males,25 to 54 years,Persons,249,thousands,3,v2598236,7.1.6.2.6,941.6,,,,1
2006,Ontario,2016A000235,Population,Postsecondary certificate or diploma,Males,25 to 54 years,Persons,249,thousands,3,v2598236,7.1.6.2.6,920,,,,1
2007,Ontario,2016A000235,Population,Postsecondary certificate or diploma,Males,25 to 54 years,Persons,249,thousands,3,v2598236,7.1.6.2.6,959.2,,,,1
2008,Ontario,2016A000235,Population,Postsecondary certificate or diploma,Males,25 to 54 years,Persons,249,thousands,3,v2598236,7.1.6.2.6,937.1,,,,1
2009,Ontario,2016A000235,Population,Postsecondary certificate or diploma,Males,25 to 54 years,Persons,249,thousands,3,v2598236,7.1.6.2.6,965.6,,,,1
2010,Ontario,2016A000235,Population,Postsecondary certificate or diploma,Males,25 to 54 years,Persons,249,thousands,3,v2598236,7.1.6.2.6,945.8,,,,1
2011,Ontario,2016A000235,Population,Postsecondary certificate or diploma,Males,25 to 54 years,Persons,249,thousands,3,v2598236,7.1.6.2.6,963.7,,,,1
2012,Ontario,2016A000235,Population,Postsecondary certificate or diploma,Males,25 to 54 years,Persons,249,thousands,3,v2598236,7.1.6.2.6,945.5,,,,1
2013,Ontario,2016A000235,Population,Postsecondary certificate or diploma,Males,25 to 54 years,Persons,249,thousands,3,v2598236,7.1.6.2.6,935.7,,,,1
2014,Ontario,2016A000235,Population,Postsecondary certificate or diploma,Males,25 to 54 years,Persons,249,thousands,3,v2598236,7.1.6.2.6,941.5,,,,1
2015,Ontario,2016A000235,Population,Postsecondary certificate or diploma,Males,25 to 54 years,Persons,249,thousands,3,v2598236,7.1.6.2.6,962.7,,,,1
2016,Ontario,2016A000235,Population,Postsecondary certificate or diploma,Males,25 to 54 years,Persons,249,thousands,3,v2598236,7.1.6.2.6,910.8,,,,1
2017,Ontario,2016A000235,Population,Postsecondary certificate or diploma,Males,25 to 54 years,Persons,249,thousands,3,v2598236,7.1.6.2.6,919.5,,,,1
2018,Ontario,2016A000235,Population,Postsecondary certificate or diploma,Males,25 to 54 years,Persons,249,thousands,3,v2598236,7.1.6.2.6,929.8,,,,1
1990,Ontario,2016A000235,Population,Postsecondary certificate or diploma,Females,25 to 54 years,Persons,249,thousands,3,v2599046,7.1.6.3.6,574.9,,,,1
1991,Ontario,2016A000235,Population,Postsecondary certificate or diploma,Females,25 to 54 years,Persons,249,thousands,3,v2599046,7.1.6.3.6,583.9,,,,1
1992,Ontario,2016A000235,Population,Postsecondary certificate or diploma,Females,25 to 54 years,Persons,249,thousands,3,v2599046,7.1.6.3.6,603.7,,,,1
1993,Ontario,2016A000235,Population,Postsecondary certificate or diploma,Females,25 to 54 years,Persons,249,thousands,3,v2599046,7.1.6.3.6,623.6,,,,1
1994,Ontario,2016A000235,Population,Postsecondary certificate or diploma,Females,25 to 54 years,Persons,249,thousands,3,v2599046,7.1.6.3.6,697.4,,,,1
1995,Ontario,2016A000235,Population,Postsecondary certificate or diploma,Females,25 to 54 years,Persons,249,thousands,3,v2599046,7.1.6.3.6,706.9,,,,1
1996,Ontario,2016A000235,Population,Postsecondary certificate or diploma,Females,25 to 54 years,Persons,249,thousands,3,v2599046,7.1.6.3.6,748.7,,,,1
1997,Ontario,2016A000235,Population,Postsecondary certificate or diploma,Females,25 to 54 years,Persons,249,thousands,3,v2599046,7.1.6.3.6,823.1,,,,1
1998,Ontario,2016A000235,Population,Postsecondary certificate or diploma,Females,25 to 54 years,Persons,249,thousands,3,v2599046,7.1.6.3.6,819.1,,,,1
1999,Ontario,2016A000235,Population,Postsecondary certificate or diploma,Females,25 to 54 years,Persons,249,thousands,3,v2599046,7.1.6.3.6,840.2,,,,1
2000,Ontario,2016A000235,Population,Postsecondary certificate or diploma,Females,25 to 54 years,Persons,249,thousands,3,v2599046,7.1.6.3.6,835.7,,,,1
2001,Ontario,2016A000235,Population,Postsecondary certificate or diploma,Females,25 to 54 years,Persons,249,thousands,3,v2599046,7.1.6.3.6,892.3,,,,1
2002,Ontario,2016A000235,Population,Postsecondary certificate or diploma,Females,25 to 54 years,Persons,249,thousands,3,v2599046,7.1.6.3.6,896.1,,,,1
2003,Ontario,2016A000235,Population,Postsecondary certificate or diploma,Females,25 to 54 years,Persons,249,thousands,3,v2599046,7.1.6.3.6,910.9,,,,1
2004,Ontario,2016A000235,Population,Postsecondary certificate or diploma,Females,25 to 54 years,Persons,249,thousands,3,v2599046,7.1.6.3.6,938.7,,,,1
2005,Ontario,2016A000235,Population,Postsecondary certificate or diploma,Females,25 to 54 years,Persons,249,thousands,3,v2599046,7.1.6.3.6,963.3,,,,1
2006,Ontario,2016A000235,Population,Postsecondary certificate or diploma,Females,25 to 54 years,Persons,249,thousands,3,v2599046,7.1.6.3.6,972.9,,,,1
2007,Ontario,2016A000235,Population,Postsecondary certificate or diploma,Females,25 to 54 years,Persons,249,thousands,3,v2599046,7.1.6.3.6,1017.8,,,,1
2008,Ontario,2016A000235,Population,Postsecondary certificate or diploma,Females,25 to 54 years,Persons,249,thousands,3,v2599046,7.1.6.3.6,1017.9,,,,1
2009,Ontario,2016A000235,Population,Postsecondary certificate or diploma,Females,25 to 54 years,Persons,249,thousands,3,v2599046,7.1.6.3.6,1029.3,,,,1
2010,Ontario,2016A000235,Population,Postsecondary certificate or diploma,Females,25 to 54 years,Persons,249,thousands,3,v2599046,7.1.6.3.6,1014.8,,,,1
2011,Ontario,2016A000235,Population,Postsecondary certificate or diploma,Females,25 to 54 years,Persons,249,thousands,3,v2599046,7.1.6.3.6,1025.9,,,,1
2012,Ontario,2016A000235,Population,Postsecondary certificate or diploma,Females,25 to 54 years,Persons,249,thousands,3,v2599046,7.1.6.3.6,1021.6,,,,1
2013,Ontario,2016A000235,Population,Postsecondary certificate or diploma,Females,25 to 54 years,Persons,249,thousands,3,v2599046,7.1.6.3.6,1022,,,,1
2014,Ontario,2016A000235,Population,Postsecondary certificate or diploma,Females,25 to 54 years,Persons,249,thousands,3,v2599046,7.1.6.3.6,1001.3,,,,1
2015,Ontario,2016A000235,Population,Postsecondary certificate or diploma,Females,25 to 54 years,Persons,249,thousands,3,v2599046,7.1.6.3.6,1014,,,,1
2016,Ontario,2016A000235,Population,Postsecondary certificate or diploma,Females,25 to 54 years,Persons,249,thousands,3,v2599046,7.1.6.3.6,1001.9,,,,1
2017,Ontario,2016A000235,Population,Postsecondary certificate or diploma,Females,25 to 54 years,Persons,249,thousands,3,v2599046,7.1.6.3.6,974.3,,,,1
2018,Ontario,2016A000235,Population,Postsecondary certificate or diploma,Females,25 to 54 years,Persons,249,thousands,3,v2599046,7.1.6.3.6,1010.8,,,,1
1990,Ontario,2016A000235,Population,University degree,Males,25 to 54 years,Persons,249,thousands,3,v2598237,7.1.7.2.6,437.1,,,,1
1991,Ontario,2016A000235,Population,University degree,Males,25 to 54 years,Persons,249,thousands,3,v2598237,7.1.7.2.6,472.3,,,,1
1992,Ontario,2016A000235,Population,University degree,Males,25 to 54 years,Persons,249,thousands,3,v2598237,7.1.7.2.6,469.7,,,,1
1993,Ontario,2016A000235,Population,University degree,Males,25 to 54 years,Persons,249,thousands,3,v2598237,7.1.7.2.6,509,,,,1
1994,Ontario,2016A000235,Population,University degree,Males,25 to 54 years,Persons,249,thousands,3,v2598237,7.1.7.2.6,521.9,,,,1
1995,Ontario,2016A000235,Population,University degree,Males,25 to 54 years,Persons,249,thousands,3,v2598237,7.1.7.2.6,525.2,,,,1
1996,Ontario,2016A000235,Population,University degree,Males,25 to 54 years,Persons,249,thousands,3,v2598237,7.1.7.2.6,535.1,,,,1
1997,Ontario,2016A000235,Population,University degree,Males,25 to 54 years,Persons,249,thousands,3,v2598237,7.1.7.2.6,558.8,,,,1
1998,Ontario,2016A000235,Population,University degree,Males,25 to 54 years,Persons,249,thousands,3,v2598237,7.1.7.2.6,571.2,,,,1
1999,Ontario,2016A000235,Population,University degree,Males,25 to 54 years,Persons,249,thousands,3,v2598237,7.1.7.2.6,600.2,,,,1
2000,Ontario,2016A000235,Population,University degree,Males,25 to 54 years,Persons,249,thousands,3,v2598237,7.1.7.2.6,636.7,,,,1
2001,Ontario,2016A000235,Population,University degree,Males,25 to 54 years,Persons,249,thousands,3,v2598237,7.1.7.2.6,669.2,,,,1
2002,Ontario,2016A000235,Population,University degree,Males,25 to 54 years,Persons,249,thousands,3,v2598237,7.1.7.2.6,694.2,,,,1
2003,Ontario,2016A000235,Population,University degree,Males,25 to 54 years,Persons,249,thousands,3,v2598237,7.1.7.2.6,716.7,,,,1
2004,Ontario,2016A000235,Population,University degree,Males,25 to 54 years,Persons,249,thousands,3,v2598237,7.1.7.2.6,728.5,,,,1
2005,Ontario,2016A000235,Population,University degree,Males,25 to 54 years,Persons,249,thousands,3,v2598237,7.1.7.2.6,733,,,,1
2006,Ontario,2016A000235,Population,University degree,Males,25 to 54 years,Persons,249,thousands,3,v2598237,7.1.7.2.6,765,,,,1
2007,Ontario,2016A000235,Population,University degree,Males,25 to 54 years,Persons,249,thousands,3,v2598237,7.1.7.2.6,774.1,,,,1
2008,Ontario,2016A000235,Population,University degree,Males,25 to 54 years,Persons,249,thousands,3,v2598237,7.1.7.2.6,807.4,,,,1
2009,Ontario,2016A000235,Population,University degree,Males,25 to 54 years,Persons,249,thousands,3,v2598237,7.1.7.2.6,783.8,,,,1
2010,Ontario,2016A000235,Population,University degree,Males,25 to 54 years,Persons,249,thousands,3,v2598237,7.1.7.2.6,799.1,,,,1
2011,Ontario,2016A000235,Population,University degree,Males,25 to 54 years,Persons,249,thousands,3,v2598237,7.1.7.2.6,814,,,,1
2012,Ontario,2016A000235,Population,University degree,Males,25 to 54 years,Persons,249,thousands,3,v2598237,7.1.7.2.6,836.3,,,,1
2013,Ontario,2016A000235,Population,University degree,Males,25 to 54 years,Persons,249,thousands,3,v2598237,7.1.7.2.6,853.2,,,,1
2014,Ontario,2016A000235,Population,University degree,Males,25 to 54 years,Persons,249,thousands,3,v2598237,7.1.7.2.6,868.8,,,,1
2015,Ontario,2016A000235,Population,University degree,Males,25 to 54 years,Persons,249,thousands,3,v2598237,7.1.7.2.6,894.8,,,,1
2016,Ontario,2016A000235,Population,University degree,Males,25 to 54 years,Persons,249,thousands,3,v2598237,7.1.7.2.6,957.3,,,,1
2017,Ontario,2016A000235,Population,University degree,Males,25 to 54 years,Persons,249,thousands,3,v2598237,7.1.7.2.6,953.2,,,,1
2018,Ontario,2016A000235,Population,University degree,Males,25 to 54 years,Persons,249,thousands,3,v2598237,7.1.7.2.6,1008.9,,,,1
1990,Ontario,2016A000235,Population,University degree,Females,25 to 54 years,Persons,249,thousands,3,v2599047,7.1.7.3.6,364.2,,,,1
1991,Ontario,2016A000235,Population,University degree,Females,25 to 54 years,Persons,249,thousands,3,v2599047,7.1.7.3.6,378.1,,,,1
1992,Ontario,2016A000235,Population,University degree,Females,25 to 54 years,Persons,249,thousands,3,v2599047,7.1.7.3.6,406.9,,,,1
1993,Ontario,2016A000235,Population,University degree,Females,25 to 54 years,Persons,249,thousands,3,v2599047,7.1.7.3.6,415.7,,,,1
1994,Ontario,2016A000235,Population,University degree,Females,25 to 54 years,Persons,249,thousands,3,v2599047,7.1.7.3.6,468,,,,1
1995,Ontario,2016A000235,Population,University degree,Females,25 to 54 years,Persons,249,thousands,3,v2599047,7.1.7.3.6,486.2,,,,1
1996,Ontario,2016A000235,Population,University degree,Females,25 to 54 years,Persons,249,thousands,3,v2599047,7.1.7.3.6,492.9,,,,1
1997,Ontario,2016A000235,Population,University degree,Females,25 to 54 years,Persons,249,thousands,3,v2599047,7.1.7.3.6,524.5,,,,1
1998,Ontario,2016A000235,Population,University degree,Females,25 to 54 years,Persons,249,thousands,3,v2599047,7.1.7.3.6,535.7,,,,1
1999,Ontario,2016A000235,Population,University degree,Females,25 to 54 years,Persons,249,thousands,3,v2599047,7.1.7.3.6,573.5,,,,1
2000,Ontario,2016A000235,Population,University degree,Females,25 to 54 years,Persons,249,thousands,3,v2599047,7.1.7.3.6,630.5,,,,1
2001,Ontario,2016A000235,Population,University degree,Females,25 to 54 years,Persons,249,thousands,3,v2599047,7.1.7.3.6,644.3,,,,1
2002,Ontario,2016A000235,Population,University degree,Females,25 to 54 years,Persons,249,thousands,3,v2599047,7.1.7.3.6,679,,,,1
2003,Ontario,2016A000235,Population,University degree,Females,25 to 54 years,Persons,249,thousands,3,v2599047,7.1.7.3.6,713.4,,,,1
2004,Ontario,2016A000235,Population,University degree,Females,25 to 54 years,Persons,249,thousands,3,v2599047,7.1.7.3.6,739.6,,,,1
2005,Ontario,2016A000235,Population,University degree,Females,25 to 54 years,Persons,249,thousands,3,v2599047,7.1.7.3.6,764.7,,,,1
2006,Ontario,2016A000235,Population,University degree,Females,25 to 54 years,Persons,249,thousands,3,v2599047,7.1.7.3.6,813.9,,,,1
2007,Ontario,2016A000235,Population,University degree,Females,25 to 54 years,Persons,249,thousands,3,v2599047,7.1.7.3.6,824.3,,,,1
2008,Ontario,2016A000235,Population,University degree,Females,25 to 54 years,Persons,249,thousands,3,v2599047,7.1.7.3.6,862.3,,,,1
2009,Ontario,2016A000235,Population,University degree,Females,25 to 54 years,Persons,249,thousands,3,v2599047,7.1.7.3.6,869.8,,,,1
2010,Ontario,2016A000235,Population,University degree,Females,25 to 54 years,Persons,249,thousands,3,v2599047,7.1.7.3.6,929.2,,,,1
2011,Ontario,2016A000235,Population,University degree,Females,25 to 54 years,Persons,249,thousands,3,v2599047,7.1.7.3.6,953.3,,,,1
2012,Ontario,2016A000235,Population,University degree,Females,25 to 54 years,Persons,249,thousands,3,v2599047,7.1.7.3.6,981.2,,,,1
2013,Ontario,2016A000235,Population,University degree,Females,25 to 54 years,Persons,249,thousands,3,v2599047,7.1.7.3.6,1024.2,,,,1
2014,Ontario,2016A000235,Population,University degree,Females,25 to 54 years,Persons,249,thousands,3,v2599047,7.1.7.3.6,1031.2,,,,1
2015,Ontario,2016A000235,Population,University degree,Females,25 to 54 years,Persons,249,thousands,3,v2599047,7.1.7.3.6,1079.4,,,,1
2016,Ontario,2016A000235,Population,University degree,Females,25 to 54 years,Persons,249,thousands,3,v2599047,7.1.7.3.6,1152.1,,,,1
2017,Ontario,2016A000235,Population,University degree,Females,25 to 54 years,Persons,249,thousands,3,v2599047,7.1.7.3.6,1182.7,,,,1
2018,Ontario,2016A000235,Population,University degree,Females,25 to 54 years,Persons,249,thousands,3,v2599047,7.1.7.3.6,1221.8,,,,1
1990,Ontario,2016A000235,Participation rate,0 to 8  years,Males,25 to 54 years,Percentage,242,units ,0,v2598304,7.9.2.2.6,85.1,,,,1
1991,Ontario,2016A000235,Participation rate,0 to 8  years,Males,25 to 54 years,Percentage,242,units ,0,v2598304,7.9.2.2.6,81.9,,,,1
1992,Ontario,2016A000235,Participation rate,0 to 8  years,Males,25 to 54 years,Percentage,242,units ,0,v2598304,7.9.2.2.6,79.9,,,,1
1993,Ontario,2016A000235,Participation rate,0 to 8  years,Males,25 to 54 years,Percentage,242,units ,0,v2598304,7.9.2.2.6,78.6,,,,1
1994,Ontario,2016A000235,Participation rate,0 to 8  years,Males,25 to 54 years,Percentage,242,units ,0,v2598304,7.9.2.2.6,74.7,,,,1
1995,Ontario,2016A000235,Participation rate,0 to 8  years,Males,25 to 54 years,Percentage,242,units ,0,v2598304,7.9.2.2.6,70.9,,,,1
1996,Ontario,2016A000235,Participation rate,0 to 8  years,Males,25 to 54 years,Percentage,242,units ,0,v2598304,7.9.2.2.6,72.4,,,,1
1997,Ontario,2016A000235,Participation rate,0 to 8  years,Males,25 to 54 years,Percentage,242,units ,0,v2598304,7.9.2.2.6,71.5,,,,1
1998,Ontario,2016A000235,Participation rate,0 to 8  years,Males,25 to 54 years,Percentage,242,units ,0,v2598304,7.9.2.2.6,73.5,,,,1
1999,Ontario,2016A000235,Participation rate,0 to 8  years,Males,25 to 54 years,Percentage,242,units ,0,v2598304,7.9.2.2.6,70.7,,,,1
2000,Ontario,2016A000235,Participation rate,0 to 8  years,Males,25 to 54 years,Percentage,242,units ,0,v2598304,7.9.2.2.6,75.2,,,,1
2001,Ontario,2016A000235,Participation rate,0 to 8  years,Males,25 to 54 years,Percentage,242,units ,0,v2598304,7.9.2.2.6,71.8,,,,1
2002,Ontario,2016A000235,Participation rate,0 to 8  years,Males,25 to 54 years,Percentage,242,units ,0,v2598304,7.9.2.2.6,64,,,,1
2003,Ontario,2016A000235,Participation rate,0 to 8  years,Males,25 to 54 years,Percentage,242,units ,0,v2598304,7.9.2.2.6,70.3,,,,1
2004,Ontario,2016A000235,Participation rate,0 to 8  years,Males,25 to 54 years,Percentage,242,units ,0,v2598304,7.9.2.2.6,72.9,,,,1
2005,Ontario,2016A000235,Participation rate,0 to 8  years,Males,25 to 54 years,Percentage,242,units ,0,v2598304,7.9.2.2.6,69.5,,,,1
2006,Ontario,2016A000235,Participation rate,0 to 8  years,Males,25 to 54 years,Percentage,242,units ,0,v2598304,7.9.2.2.6,72.6,,,,1
2007,Ontario,2016A000235,Participation rate,0 to 8  years,Males,25 to 54 years,Percentage,242,units ,0,v2598304,7.9.2.2.6,70.4,,,,1
2008,Ontario,2016A000235,Participation rate,0 to 8  years,Males,25 to 54 years,Percentage,242,units ,0,v2598304,7.9.2.2.6,66.1,,,,1
2009,Ontario,2016A000235,Participation rate,0 to 8  years,Males,25 to 54 years,Percentage,242,units ,0,v2598304,7.9.2.2.6,71.8,,,,1
2010,Ontario,2016A000235,Participation rate,0 to 8  years,Males,25 to 54 years,Percentage,242,units ,0,v2598304,7.9.2.2.6,68.7,,,,1
2011,Ontario,2016A000235,Participation rate,0 to 8  years,Males,25 to 54 years,Percentage,242,units ,0,v2598304,7.9.2.2.6,70.8,,,,1
2012,Ontario,2016A000235,Participation rate,0 to 8  years,Males,25 to 54 years,Percentage,242,units ,0,v2598304,7.9.2.2.6,68.1,,,,1
2013,Ontario,2016A000235,Participation rate,0 to 8  years,Males,25 to 54 years,Percentage,242,units ,0,v2598304,7.9.2.2.6,77.5,,,,1
2014,Ontario,2016A000235,Participation rate,0 to 8  years,Males,25 to 54 years,Percentage,242,units ,0,v2598304,7.9.2.2.6,74.5,,,,1
2015,Ontario,2016A000235,Participation rate,0 to 8  years,Males,25 to 54 years,Percentage,242,units ,0,v2598304,7.9.2.2.6,69.9,,,,1
2016,Ontario,2016A000235,Participation rate,0 to 8  years,Males,25 to 54 years,Percentage,242,units ,0,v2598304,7.9.2.2.6,70.6,,,,1
2017,Ontario,2016A000235,Participation rate,0 to 8  years,Males,25 to 54 years,Percentage,242,units ,0,v2598304,7.9.2.2.6,69.9,,,,1
2018,Ontario,2016A000235,Participation rate,0 to 8  years,Males,25 to 54 years,Percentage,242,units ,0,v2598304,7.9.2.2.6,68,,,,1
1990,Ontario,2016A000235,Participation rate,0 to 8  years,Females,25 to 54 years,Percentage,242,units ,0,v2599114,7.9.2.3.6,56.5,,,,1
1991,Ontario,2016A000235,Participation rate,0 to 8  years,Females,25 to 54 years,Percentage,242,units ,0,v2599114,7.9.2.3.6,54,,,,1
1992,Ontario,2016A000235,Participation rate,0 to 8  years,Females,25 to 54 years,Percentage,242,units ,0,v2599114,7.9.2.3.6,53.2,,,,1
1993,Ontario,2016A000235,Participation rate,0 to 8  years,Females,25 to 54 years,Percentage,242,units ,0,v2599114,7.9.2.3.6,52,,,,1
1994,Ontario,2016A000235,Participation rate,0 to 8  years,Females,25 to 54 years,Percentage,242,units ,0,v2599114,7.9.2.3.6,49.4,,,,1
1995,Ontario,2016A000235,Participation rate,0 to 8  years,Females,25 to 54 years,Percentage,242,units ,0,v2599114,7.9.2.3.6,46.6,,,,1
1996,Ontario,2016A000235,Participation rate,0 to 8  years,Females,25 to 54 years,Percentage,242,units ,0,v2599114,7.9.2.3.6,46.9,,,,1
1997,Ontario,2016A000235,Participation rate,0 to 8  years,Females,25 to 54 years,Percentage,242,units ,0,v2599114,7.9.2.3.6,50.7,,,,1
1998,Ontario,2016A000235,Participation rate,0 to 8  years,Females,25 to 54 years,Percentage,242,units ,0,v2599114,7.9.2.3.6,48.1,,,,1
1999,Ontario,2016A000235,Participation rate,0 to 8  years,Females,25 to 54 years,Percentage,242,units ,0,v2599114,7.9.2.3.6,49.5,,,,1
2000,Ontario,2016A000235,Participation rate,0 to 8  years,Females,25 to 54 years,Percentage,242,units ,0,v2599114,7.9.2.3.6,50.4,,,,1
2001,Ontario,2016A000235,Participation rate,0 to 8  years,Females,25 to 54 years,Percentage,242,units ,0,v2599114,7.9.2.3.6,45,,,,1
2002,Ontario,2016A000235,Participation rate,0 to 8  years,Females,25 to 54 years,Percentage,242,units ,0,v2599114,7.9.2.3.6,45.1,,,,1
2003,Ontario,2016A000235,Participation rate,0 to 8  years,Females,25 to 54 years,Percentage,242,units ,0,v2599114,7.9.2.3.6,53.2,,,,1
2004,Ontario,2016A000235,Participation rate,0 to 8  years,Females,25 to 54 years,Percentage,242,units ,0,v2599114,7.9.2.3.6,52.8,,,,1
2005,Ontario,2016A000235,Participation rate,0 to 8  years,Females,25 to 54 years,Percentage,242,units ,0,v2599114,7.9.2.3.6,49.5,,,,1
2006,Ontario,2016A000235,Participation rate,0 to 8  years,Females,25 to 54 years,Percentage,242,units ,0,v2599114,7.9.2.3.6,51.5,,,,1
2007,Ontario,2016A000235,Participation rate,0 to 8  years,Females,25 to 54 years,Percentage,242,units ,0,v2599114,7.9.2.3.6,50.5,,,,1
2008,Ontario,2016A000235,Participation rate,0 to 8  years,Females,25 to 54 years,Percentage,242,units ,0,v2599114,7.9.2.3.6,41.1,,,,1
2009,Ontario,2016A000235,Participation rate,0 to 8  years,Females,25 to 54 years,Percentage,242,units ,0,v2599114,7.9.2.3.6,47.7,,,,1
2010,Ontario,2016A000235,Participation rate,0 to 8  years,Females,25 to 54 years,Percentage,242,units ,0,v2599114,7.9.2.3.6,44.7,,,,1
2011,Ontario,2016A000235,Participation rate,0 to 8  years,Females,25 to 54 years,Percentage,242,units ,0,v2599114,7.9.2.3.6,42.3,,,,1
2012,Ontario,2016A000235,Participation rate,0 to 8  years,Females,25 to 54 years,Percentage,242,units ,0,v2599114,7.9.2.3.6,43.5,,,,1
2013,Ontario,2016A000235,Participation rate,0 to 8  years,Females,25 to 54 years,Percentage,242,units ,0,v2599114,7.9.2.3.6,42.6,,,,1
2014,Ontario,2016A000235,Participation rate,0 to 8  years,Females,25 to 54 years,Percentage,242,units ,0,v2599114,7.9.2.3.6,38.6,,,,1
2015,Ontario,2016A000235,Participation rate,0 to 8  years,Females,25 to 54 years,Percentage,242,units ,0,v2599114,7.9.2.3.6,38.2,,,,1
2016,Ontario,2016A000235,Participation rate,0 to 8  years,Females,25 to 54 years,Percentage,242,units ,0,v2599114,7.9.2.3.6,36.1,,,,1
2017,Ontario,2016A000235,Participation rate,0 to 8  years,Females,25 to 54 years,Percentage,242,units ,0,v2599114,7.9.2.3.6,39.5,,,,1
2018,Ontario,2016A000235,Participation rate,0 to 8  years,Females,25 to 54 years,Percentage,242,units ,0,v2599114,7.9.2.3.6,35.9,,,,1
1990,Ontario,2016A000235,Participation rate,Some high school,Males,25 to 54 years,Percentage,242,units ,0,v2598305,7.9.3.2.6,91.9,,,,1
1991,Ontario,2016A000235,Participation rate,Some high school,Males,25 to 54 years,Percentage,242,units ,0,v2598305,7.9.3.2.6,90.1,,,,1
1992,Ontario,2016A000235,Participation rate,Some high school,Males,25 to 54 years,Percentage,242,units ,0,v2598305,7.9.3.2.6,88.6,,,,1
1993,Ontario,2016A000235,Participation rate,Some high school,Males,25 to 54 years,Percentage,242,units ,0,v2598305,7.9.3.2.6,87.8,,,,1
1994,Ontario,2016A000235,Participation rate,Some high school,Males,25 to 54 years,Percentage,242,units ,0,v2598305,7.9.3.2.6,87.8,,,,1
1995,Ontario,2016A000235,Participation rate,Some high school,Males,25 to 54 years,Percentage,242,units ,0,v2598305,7.9.3.2.6,87.1,,,,1
1996,Ontario,2016A000235,Participation rate,Some high school,Males,25 to 54 years,Percentage,242,units ,0,v2598305,7.9.3.2.6,87.5,,,,1
1997,Ontario,2016A000235,Participation rate,Some high school,Males,25 to 54 years,Percentage,242,units ,0,v2598305,7.9.3.2.6,86.2,,,,1
1998,Ontario,2016A000235,Participation rate,Some high school,Males,25 to 54 years,Percentage,242,units ,0,v2598305,7.9.3.2.6,86.8,,,,1
1999,Ontario,2016A000235,Participation rate,Some high school,Males,25 to 54 years,Percentage,242,units ,0,v2598305,7.9.3.2.6,84.6,,,,1
2000,Ontario,2016A000235,Participation rate,Some high school,Males,25 to 54 years,Percentage,242,units ,0,v2598305,7.9.3.2.6,85.5,,,,1
2001,Ontario,2016A000235,Participation rate,Some high school,Males,25 to 54 years,Percentage,242,units ,0,v2598305,7.9.3.2.6,85.6,,,,1
2002,Ontario,2016A000235,Participation rate,Some high school,Males,25 to 54 years,Percentage,242,units ,0,v2598305,7.9.3.2.6,84.8,,,,1
2003,Ontario,2016A000235,Participation rate,Some high school,Males,25 to 54 years,Percentage,242,units ,0,v2598305,7.9.3.2.6,85.2,,,,1
2004,Ontario,2016A000235,Participation rate,Some high school,Males,25 to 54 years,Percentage,242,units ,0,v2598305,7.9.3.2.6,83.9,,,,1
2005,Ontario,2016A000235,Participation rate,Some high school,Males,25 to 54 years,Percentage,242,units ,0,v2598305,7.9.3.2.6,84.2,,,,1
2006,Ontario,2016A000235,Participation rate,Some high school,Males,25 to 54 years,Percentage,242,units ,0,v2598305,7.9.3.2.6,80.8,,,,1
2007,Ontario,2016A000235,Participation rate,Some high school,Males,25 to 54 years,Percentage,242,units ,0,v2598305,7.9.3.2.6,80.6,,,,1
2008,Ontario,2016A000235,Participation rate,Some high school,Males,25 to 54 years,Percentage,242,units ,0,v2598305,7.9.3.2.6,80.5,,,,1
2009,Ontario,2016A000235,Participation rate,Some high school,Males,25 to 54 years,Percentage,242,units ,0,v2598305,7.9.3.2.6,80.6,,,,1
2010,Ontario,2016A000235,Participation rate,Some high school,Males,25 to 54 years,Percentage,242,units ,0,v2598305,7.9.3.2.6,78.6,,,,1
2011,Ontario,2016A000235,Participation rate,Some high school,Males,25 to 54 years,Percentage,242,units ,0,v2598305,7.9.3.2.6,78.7,,,,1
2012,Ontario,2016A000235,Participation rate,Some high school,Males,25 to 54 years,Percentage,242,units ,0,v2598305,7.9.3.2.6,78.3,,,,1
2013,Ontario,2016A000235,Participation rate,Some high school,Males,25 to 54 years,Percentage,242,units ,0,v2598305,7.9.3.2.6,76.9,,,,1
2014,Ontario,2016A000235,Participation rate,Some high school,Males,25 to 54 years,Percentage,242,units ,0,v2598305,7.9.3.2.6,74.7,,,,1
2015,Ontario,2016A000235,Participation rate,Some high school,Males,25 to 54 years,Percentage,242,units ,0,v2598305,7.9.3.2.6,74.5,,,,1
2016,Ontario,2016A000235,Participation rate,Some high school,Males,25 to 54 years,Percentage,242,units ,0,v2598305,7.9.3.2.6,72.3,,,,1
2017,Ontario,2016A000235,Participation rate,Some high school,Males,25 to 54 years,Percentage,242,units ,0,v2598305,7.9.3.2.6,73.3,,,,1
2018,Ontario,2016A000235,Participation rate,Some high school,Males,25 to 54 years,Percentage,242,units ,0,v2598305,7.9.3.2.6,70.5,,,,1
1990,Ontario,2016A000235,Participation rate,Some high school,Females,25 to 54 years,Percentage,242,units ,0,v2599115,7.9.3.3.6,68.6,,,,1
1991,Ontario,2016A000235,Participation rate,Some high school,Females,25 to 54 years,Percentage,242,units ,0,v2599115,7.9.3.3.6,67.9,,,,1
1992,Ontario,2016A000235,Participation rate,Some high school,Females,25 to 54 years,Percentage,242,units ,0,v2599115,7.9.3.3.6,65.5,,,,1
1993,Ontario,2016A000235,Participation rate,Some high school,Females,25 to 54 years,Percentage,242,units ,0,v2599115,7.9.3.3.6,64.3,,,,1
1994,Ontario,2016A000235,Participation rate,Some high school,Females,25 to 54 years,Percentage,242,units ,0,v2599115,7.9.3.3.6,62.7,,,,1
1995,Ontario,2016A000235,Participation rate,Some high school,Females,25 to 54 years,Percentage,242,units ,0,v2599115,7.9.3.3.6,63.2,,,,1
1996,Ontario,2016A000235,Participation rate,Some high school,Females,25 to 54 years,Percentage,242,units ,0,v2599115,7.9.3.3.6,63.7,,,,1
1997,Ontario,2016A000235,Participation rate,Some high school,Females,25 to 54 years,Percentage,242,units ,0,v2599115,7.9.3.3.6,62.9,,,,1
1998,Ontario,2016A000235,Participation rate,Some high school,Females,25 to 54 years,Percentage,242,units ,0,v2599115,7.9.3.3.6,65.1,,,,1
1999,Ontario,2016A000235,Participation rate,Some high school,Females,25 to 54 years,Percentage,242,units ,0,v2599115,7.9.3.3.6,65.7,,,,1
2000,Ontario,2016A000235,Participation rate,Some high school,Females,25 to 54 years,Percentage,242,units ,0,v2599115,7.9.3.3.6,65.5,,,,1
2001,Ontario,2016A000235,Participation rate,Some high school,Females,25 to 54 years,Percentage,242,units ,0,v2599115,7.9.3.3.6,64.8,,,,1
2002,Ontario,2016A000235,Participation rate,Some high school,Females,25 to 54 years,Percentage,242,units ,0,v2599115,7.9.3.3.6,65.7,,,,1
2003,Ontario,2016A000235,Participation rate,Some high school,Females,25 to 54 years,Percentage,242,units ,0,v2599115,7.9.3.3.6,69.8,,,,1
2004,Ontario,2016A000235,Participation rate,Some high school,Females,25 to 54 years,Percentage,242,units ,0,v2599115,7.9.3.3.6,66.3,,,,1
2005,Ontario,2016A000235,Participation rate,Some high school,Females,25 to 54 years,Percentage,242,units ,0,v2599115,7.9.3.3.6,65.7,,,,1
2006,Ontario,2016A000235,Participation rate,Some high school,Females,25 to 54 years,Percentage,242,units ,0,v2599115,7.9.3.3.6,63.6,,,,1
2007,Ontario,2016A000235,Participation rate,Some high school,Females,25 to 54 years,Percentage,242,units ,0,v2599115,7.9.3.3.6,66.1,,,,1
2008,Ontario,2016A000235,Participation rate,Some high school,Females,25 to 54 years,Percentage,242,units ,0,v2599115,7.9.3.3.6,65,,,,1
2009,Ontario,2016A000235,Participation rate,Some high school,Females,25 to 54 years,Percentage,242,units ,0,v2599115,7.9.3.3.6,61.9,,,,1
2010,Ontario,2016A000235,Participation rate,Some high school,Females,25 to 54 years,Percentage,242,units ,0,v2599115,7.9.3.3.6,63.7,,,,1
2011,Ontario,2016A000235,Participation rate,Some high school,Females,25 to 54 years,Percentage,242,units ,0,v2599115,7.9.3.3.6,61,,,,1
2012,Ontario,2016A000235,Participation rate,Some high school,Females,25 to 54 years,Percentage,242,units ,0,v2599115,7.9.3.3.6,59.2,,,,1
2013,Ontario,2016A000235,Participation rate,Some high school,Females,25 to 54 years,Percentage,242,units ,0,v2599115,7.9.3.3.6,56.9,,,,1
2014,Ontario,2016A000235,Participation rate,Some high school,Females,25 to 54 years,Percentage,242,units ,0,v2599115,7.9.3.3.6,55.2,,,,1
2015,Ontario,2016A000235,Participation rate,Some high school,Females,25 to 54 years,Percentage,242,units ,0,v2599115,7.9.3.3.6,52.5,,,,1
2016,Ontario,2016A000235,Participation rate,Some high school,Females,25 to 54 years,Percentage,242,units ,0,v2599115,7.9.3.3.6,53.1,,,,1
2017,Ontario,2016A000235,Participation rate,Some high school,Females,25 to 54 years,Percentage,242,units ,0,v2599115,7.9.3.3.6,52.3,,,,1
2018,Ontario,2016A000235,Participation rate,Some high school,Females,25 to 54 years,Percentage,242,units ,0,v2599115,7.9.3.3.6,53.5,,,,1
1990,Ontario,2016A000235,Participation rate,High school graduate,Males,25 to 54 years,Percentage,242,units ,0,v2598306,7.9.4.2.6,95.9,,,,1
1991,Ontario,2016A000235,Participation rate,High school graduate,Males,25 to 54 years,Percentage,242,units ,0,v2598306,7.9.4.2.6,94.7,,,,1
1992,Ontario,2016A000235,Participation rate,High school graduate,Males,25 to 54 years,Percentage,242,units ,0,v2598306,7.9.4.2.6,94.1,,,,1
1993,Ontario,2016A000235,Participation rate,High school graduate,Males,25 to 54 years,Percentage,242,units ,0,v2598306,7.9.4.2.6,93.4,,,,1
1994,Ontario,2016A000235,Participation rate,High school graduate,Males,25 to 54 years,Percentage,242,units ,0,v2598306,7.9.4.2.6,93.6,,,,1
1995,Ontario,2016A000235,Participation rate,High school graduate,Males,25 to 54 years,Percentage,242,units ,0,v2598306,7.9.4.2.6,92.7,,,,1
1996,Ontario,2016A000235,Participation rate,High school graduate,Males,25 to 54 years,Percentage,242,units ,0,v2598306,7.9.4.2.6,92.3,,,,1
1997,Ontario,2016A000235,Participation rate,High school graduate,Males,25 to 54 years,Percentage,242,units ,0,v2598306,7.9.4.2.6,92.6,,,,1
1998,Ontario,2016A000235,Participation rate,High school graduate,Males,25 to 54 years,Percentage,242,units ,0,v2598306,7.9.4.2.6,92.4,,,,1
1999,Ontario,2016A000235,Participation rate,High school graduate,Males,25 to 54 years,Percentage,242,units ,0,v2598306,7.9.4.2.6,91.8,,,,1
2000,Ontario,2016A000235,Participation rate,High school graduate,Males,25 to 54 years,Percentage,242,units ,0,v2598306,7.9.4.2.6,92.2,,,,1
2001,Ontario,2016A000235,Participation rate,High school graduate,Males,25 to 54 years,Percentage,242,units ,0,v2598306,7.9.4.2.6,92.9,,,,1
2002,Ontario,2016A000235,Participation rate,High school graduate,Males,25 to 54 years,Percentage,242,units ,0,v2598306,7.9.4.2.6,92.2,,,,1
2003,Ontario,2016A000235,Participation rate,High school graduate,Males,25 to 54 years,Percentage,242,units ,0,v2598306,7.9.4.2.6,92.1,,,,1
2004,Ontario,2016A000235,Participation rate,High school graduate,Males,25 to 54 years,Percentage,242,units ,0,v2598306,7.9.4.2.6,92.3,,,,1
2005,Ontario,2016A000235,Participation rate,High school graduate,Males,25 to 54 years,Percentage,242,units ,0,v2598306,7.9.4.2.6,91.6,,,,1
2006,Ontario,2016A000235,Participation rate,High school graduate,Males,25 to 54 years,Percentage,242,units ,0,v2598306,7.9.4.2.6,90,,,,1
2007,Ontario,2016A000235,Participation rate,High school graduate,Males,25 to 54 years,Percentage,242,units ,0,v2598306,7.9.4.2.6,90.5,,,,1
2008,Ontario,2016A000235,Participation rate,High school graduate,Males,25 to 54 years,Percentage,242,units ,0,v2598306,7.9.4.2.6,90.6,,,,1
2009,Ontario,2016A000235,Participation rate,High school graduate,Males,25 to 54 years,Percentage,242,units ,0,v2598306,7.9.4.2.6,88.2,,,,1
2010,Ontario,2016A000235,Participation rate,High school graduate,Males,25 to 54 years,Percentage,242,units ,0,v2598306,7.9.4.2.6,88.4,,,,1
2011,Ontario,2016A000235,Participation rate,High school graduate,Males,25 to 54 years,Percentage,242,units ,0,v2598306,7.9.4.2.6,89,,,,1
2012,Ontario,2016A000235,Participation rate,High school graduate,Males,25 to 54 years,Percentage,242,units ,0,v2598306,7.9.4.2.6,88.3,,,,1
2013,Ontario,2016A000235,Participation rate,High school graduate,Males,25 to 54 years,Percentage,242,units ,0,v2598306,7.9.4.2.6,88.4,,,,1
2014,Ontario,2016A000235,Participation rate,High school graduate,Males,25 to 54 years,Percentage,242,units ,0,v2598306,7.9.4.2.6,87,,,,1
2015,Ontario,2016A000235,Participation rate,High school graduate,Males,25 to 54 years,Percentage,242,units ,0,v2598306,7.9.4.2.6,85.9,,,,1
2016,Ontario,2016A000235,Participation rate,High school graduate,Males,25 to 54 years,Percentage,242,units ,0,v2598306,7.9.4.2.6,86.8,,,,1
2017,Ontario,2016A000235,Participation rate,High school graduate,Males,25 to 54 years,Percentage,242,units ,0,v2598306,7.9.4.2.6,86.8,,,,1
2018,Ontario,2016A000235,Participation rate,High school graduate,Males,25 to 54 years,Percentage,242,units ,0,v2598306,7.9.4.2.6,85.5,,,,1
1990,Ontario,2016A000235,Participation rate,High school graduate,Females,25 to 54 years,Percentage,242,units ,0,v2599116,7.9.4.3.6,78.4,,,,1
1991,Ontario,2016A000235,Participation rate,High school graduate,Females,25 to 54 years,Percentage,242,units ,0,v2599116,7.9.4.3.6,78.4,,,,1
1992,Ontario,2016A000235,Participation rate,High school graduate,Females,25 to 54 years,Percentage,242,units ,0,v2599116,7.9.4.3.6,77.1,,,,1
1993,Ontario,2016A000235,Participation rate,High school graduate,Females,25 to 54 years,Percentage,242,units ,0,v2599116,7.9.4.3.6,76.3,,,,1
1994,Ontario,2016A000235,Participation rate,High school graduate,Females,25 to 54 years,Percentage,242,units ,0,v2599116,7.9.4.3.6,76.2,,,,1
1995,Ontario,2016A000235,Participation rate,High school graduate,Females,25 to 54 years,Percentage,242,units ,0,v2599116,7.9.4.3.6,75.4,,,,1
1996,Ontario,2016A000235,Participation rate,High school graduate,Females,25 to 54 years,Percentage,242,units ,0,v2599116,7.9.4.3.6,75.3,,,,1
1997,Ontario,2016A000235,Participation rate,High school graduate,Females,25 to 54 years,Percentage,242,units ,0,v2599116,7.9.4.3.6,76.5,,,,1
1998,Ontario,2016A000235,Participation rate,High school graduate,Females,25 to 54 years,Percentage,242,units ,0,v2599116,7.9.4.3.6,76.1,,,,1
1999,Ontario,2016A000235,Participation rate,High school graduate,Females,25 to 54 years,Percentage,242,units ,0,v2599116,7.9.4.3.6,77.1,,,,1
2000,Ontario,2016A000235,Participation rate,High school graduate,Females,25 to 54 years,Percentage,242,units ,0,v2599116,7.9.4.3.6,77.6,,,,1
2001,Ontario,2016A000235,Participation rate,High school graduate,Females,25 to 54 years,Percentage,242,units ,0,v2599116,7.9.4.3.6,77.7,,,,1
2002,Ontario,2016A000235,Participation rate,High school graduate,Females,25 to 54 years,Percentage,242,units ,0,v2599116,7.9.4.3.6,78.3,,,,1
2003,Ontario,2016A000235,Participation rate,High school graduate,Females,25 to 54 years,Percentage,242,units ,0,v2599116,7.9.4.3.6,78.7,,,,1
2004,Ontario,2016A000235,Participation rate,High school graduate,Females,25 to 54 years,Percentage,242,units ,0,v2599116,7.9.4.3.6,79.1,,,,1
2005,Ontario,2016A000235,Participation rate,High school graduate,Females,25 to 54 years,Percentage,242,units ,0,v2599116,7.9.4.3.6,77.8,,,,1
2006,Ontario,2016A000235,Participation rate,High school graduate,Females,25 to 54 years,Percentage,242,units ,0,v2599116,7.9.4.3.6,77.7,,,,1
2007,Ontario,2016A000235,Participation rate,High school graduate,Females,25 to 54 years,Percentage,242,units ,0,v2599116,7.9.4.3.6,78.3,,,,1
2008,Ontario,2016A000235,Participation rate,High school graduate,Females,25 to 54 years,Percentage,242,units ,0,v2599116,7.9.4.3.6,77.1,,,,1
2009,Ontario,2016A000235,Participation rate,High school graduate,Females,25 to 54 years,Percentage,242,units ,0,v2599116,7.9.4.3.6,77.9,,,,1
2010,Ontario,2016A000235,Participation rate,High school graduate,Females,25 to 54 years,Percentage,242,units ,0,v2599116,7.9.4.3.6,78,,,,1
2011,Ontario,2016A000235,Participation rate,High school graduate,Females,25 to 54 years,Percentage,242,units ,0,v2599116,7.9.4.3.6,75.5,,,,1
2012,Ontario,2016A000235,Participation rate,High school graduate,Females,25 to 54 years,Percentage,242,units ,0,v2599116,7.9.4.3.6,75.6,,,,1
2013,Ontario,2016A000235,Participation rate,High school graduate,Females,25 to 54 years,Percentage,242,units ,0,v2599116,7.9.4.3.6,76.1,,,,1
2014,Ontario,2016A000235,Participation rate,High school graduate,Females,25 to 54 years,Percentage,242,units ,0,v2599116,7.9.4.3.6,74.7,,,,1
2015,Ontario,2016A000235,Participation rate,High school graduate,Females,25 to 54 years,Percentage,242,units ,0,v2599116,7.9.4.3.6,71.6,,,,1
2016,Ontario,2016A000235,Participation rate,High school graduate,Females,25 to 54 years,Percentage,242,units ,0,v2599116,7.9.4.3.6,71.2,,,,1
2017,Ontario,2016A000235,Participation rate,High school graduate,Females,25 to 54 years,Percentage,242,units ,0,v2599116,7.9.4.3.6,72.2,,,,1
2018,Ontario,2016A000235,Participation rate,High school graduate,Females,25 to 54 years,Percentage,242,units ,0,v2599116,7.9.4.3.6,68.9,,,,1
1990,Ontario,2016A000235,Participation rate,Some postsecondary,Males,25 to 54 years,Percentage,242,units ,0,v2598307,7.9.5.2.6,93.8,,,,1
1991,Ontario,2016A000235,Participation rate,Some postsecondary,Males,25 to 54 years,Percentage,242,units ,0,v2598307,7.9.5.2.6,93.2,,,,1
1992,Ontario,2016A000235,Participation rate,Some postsecondary,Males,25 to 54 years,Percentage,242,units ,0,v2598307,7.9.5.2.6,90,,,,1
1993,Ontario,2016A000235,Participation rate,Some postsecondary,Males,25 to 54 years,Percentage,242,units ,0,v2598307,7.9.5.2.6,91.8,,,,1
1994,Ontario,2016A000235,Participation rate,Some postsecondary,Males,25 to 54 years,Percentage,242,units ,0,v2598307,7.9.5.2.6,88.2,,,,1
1995,Ontario,2016A000235,Participation rate,Some postsecondary,Males,25 to 54 years,Percentage,242,units ,0,v2598307,7.9.5.2.6,89.9,,,,1
1996,Ontario,2016A000235,Participation rate,Some postsecondary,Males,25 to 54 years,Percentage,242,units ,0,v2598307,7.9.5.2.6,90.3,,,,1
1997,Ontario,2016A000235,Participation rate,Some postsecondary,Males,25 to 54 years,Percentage,242,units ,0,v2598307,7.9.5.2.6,89.3,,,,1
1998,Ontario,2016A000235,Participation rate,Some postsecondary,Males,25 to 54 years,Percentage,242,units ,0,v2598307,7.9.5.2.6,89.8,,,,1
1999,Ontario,2016A000235,Participation rate,Some postsecondary,Males,25 to 54 years,Percentage,242,units ,0,v2598307,7.9.5.2.6,89.8,,,,1
2000,Ontario,2016A000235,Participation rate,Some postsecondary,Males,25 to 54 years,Percentage,242,units ,0,v2598307,7.9.5.2.6,88.6,,,,1
2001,Ontario,2016A000235,Participation rate,Some postsecondary,Males,25 to 54 years,Percentage,242,units ,0,v2598307,7.9.5.2.6,89.8,,,,1
2002,Ontario,2016A000235,Participation rate,Some postsecondary,Males,25 to 54 years,Percentage,242,units ,0,v2598307,7.9.5.2.6,90.9,,,,1
2003,Ontario,2016A000235,Participation rate,Some postsecondary,Males,25 to 54 years,Percentage,242,units ,0,v2598307,7.9.5.2.6,90.1,,,,1
2004,Ontario,2016A000235,Participation rate,Some postsecondary,Males,25 to 54 years,Percentage,242,units ,0,v2598307,7.9.5.2.6,90.2,,,,1
2005,Ontario,2016A000235,Participation rate,Some postsecondary,Males,25 to 54 years,Percentage,242,units ,0,v2598307,7.9.5.2.6,89.9,,,,1
2006,Ontario,2016A000235,Participation rate,Some postsecondary,Males,25 to 54 years,Percentage,242,units ,0,v2598307,7.9.5.2.6,88,,,,1
2007,Ontario,2016A000235,Participation rate,Some postsecondary,Males,25 to 54 years,Percentage,242,units ,0,v2598307,7.9.5.2.6,86.4,,,,1
2008,Ontario,2016A000235,Participation rate,Some postsecondary,Males,25 to 54 years,Percentage,242,units ,0,v2598307,7.9.5.2.6,87.3,,,,1
2009,Ontario,2016A000235,Participation rate,Some postsecondary,Males,25 to 54 years,Percentage,242,units ,0,v2598307,7.9.5.2.6,86.7,,,,1
2010,Ontario,2016A000235,Participation rate,Some postsecondary,Males,25 to 54 years,Percentage,242,units ,0,v2598307,7.9.5.2.6,87.5,,,,1
2011,Ontario,2016A000235,Participation rate,Some postsecondary,Males,25 to 54 years,Percentage,242,units ,0,v2598307,7.9.5.2.6,85.1,,,,1
2012,Ontario,2016A000235,Participation rate,Some postsecondary,Males,25 to 54 years,Percentage,242,units ,0,v2598307,7.9.5.2.6,86.3,,,,1
2013,Ontario,2016A000235,Participation rate,Some postsecondary,Males,25 to 54 years,Percentage,242,units ,0,v2598307,7.9.5.2.6,85.6,,,,1
2014,Ontario,2016A000235,Participation rate,Some postsecondary,Males,25 to 54 years,Percentage,242,units ,0,v2598307,7.9.5.2.6,86,,,,1
2015,Ontario,2016A000235,Participation rate,Some postsecondary,Males,25 to 54 years,Percentage,242,units ,0,v2598307,7.9.5.2.6,85.5,,,,1
2016,Ontario,2016A000235,Participation rate,Some postsecondary,Males,25 to 54 years,Percentage,242,units ,0,v2598307,7.9.5.2.6,84.7,,,,1
2017,Ontario,2016A000235,Participation rate,Some postsecondary,Males,25 to 54 years,Percentage,242,units ,0,v2598307,7.9.5.2.6,84.9,,,,1
2018,Ontario,2016A000235,Participation rate,Some postsecondary,Males,25 to 54 years,Percentage,242,units ,0,v2598307,7.9.5.2.6,84.9,,,,1
1990,Ontario,2016A000235,Participation rate,Some postsecondary,Females,25 to 54 years,Percentage,242,units ,0,v2599117,7.9.5.3.6,80.8,,,,1
1991,Ontario,2016A000235,Participation rate,Some postsecondary,Females,25 to 54 years,Percentage,242,units ,0,v2599117,7.9.5.3.6,80.6,,,,1
1992,Ontario,2016A000235,Participation rate,Some postsecondary,Females,25 to 54 years,Percentage,242,units ,0,v2599117,7.9.5.3.6,79.5,,,,1
1993,Ontario,2016A000235,Participation rate,Some postsecondary,Females,25 to 54 years,Percentage,242,units ,0,v2599117,7.9.5.3.6,77.6,,,,1
1994,Ontario,2016A000235,Participation rate,Some postsecondary,Females,25 to 54 years,Percentage,242,units ,0,v2599117,7.9.5.3.6,77.2,,,,1
1995,Ontario,2016A000235,Participation rate,Some postsecondary,Females,25 to 54 years,Percentage,242,units ,0,v2599117,7.9.5.3.6,76.1,,,,1
1996,Ontario,2016A000235,Participation rate,Some postsecondary,Females,25 to 54 years,Percentage,242,units ,0,v2599117,7.9.5.3.6,77.8,,,,1
1997,Ontario,2016A000235,Participation rate,Some postsecondary,Females,25 to 54 years,Percentage,242,units ,0,v2599117,7.9.5.3.6,78.7,,,,1
1998,Ontario,2016A000235,Participation rate,Some postsecondary,Females,25 to 54 years,Percentage,242,units ,0,v2599117,7.9.5.3.6,79.7,,,,1
1999,Ontario,2016A000235,Participation rate,Some postsecondary,Females,25 to 54 years,Percentage,242,units ,0,v2599117,7.9.5.3.6,78.7,,,,1
2000,Ontario,2016A000235,Participation rate,Some postsecondary,Females,25 to 54 years,Percentage,242,units ,0,v2599117,7.9.5.3.6,77,,,,1
2001,Ontario,2016A000235,Participation rate,Some postsecondary,Females,25 to 54 years,Percentage,242,units ,0,v2599117,7.9.5.3.6,78.7,,,,1
2002,Ontario,2016A000235,Participation rate,Some postsecondary,Females,25 to 54 years,Percentage,242,units ,0,v2599117,7.9.5.3.6,81.1,,,,1
2003,Ontario,2016A000235,Participation rate,Some postsecondary,Females,25 to 54 years,Percentage,242,units ,0,v2599117,7.9.5.3.6,80.9,,,,1
2004,Ontario,2016A000235,Participation rate,Some postsecondary,Females,25 to 54 years,Percentage,242,units ,0,v2599117,7.9.5.3.6,82,,,,1
2005,Ontario,2016A000235,Participation rate,Some postsecondary,Females,25 to 54 years,Percentage,242,units ,0,v2599117,7.9.5.3.6,81.5,,,,1
2006,Ontario,2016A000235,Participation rate,Some postsecondary,Females,25 to 54 years,Percentage,242,units ,0,v2599117,7.9.5.3.6,80.7,,,,1
2007,Ontario,2016A000235,Participation rate,Some postsecondary,Females,25 to 54 years,Percentage,242,units ,0,v2599117,7.9.5.3.6,80.8,,,,1
2008,Ontario,2016A000235,Participation rate,Some postsecondary,Females,25 to 54 years,Percentage,242,units ,0,v2599117,7.9.5.3.6,80,,,,1
2009,Ontario,2016A000235,Participation rate,Some postsecondary,Females,25 to 54 years,Percentage,242,units ,0,v2599117,7.9.5.3.6,75.9,,,,1
2010,Ontario,2016A000235,Participation rate,Some postsecondary,Females,25 to 54 years,Percentage,242,units ,0,v2599117,7.9.5.3.6,77.8,,,,1
2011,Ontario,2016A000235,Participation rate,Some postsecondary,Females,25 to 54 years,Percentage,242,units ,0,v2599117,7.9.5.3.6,78.5,,,,1
2012,Ontario,2016A000235,Participation rate,Some postsecondary,Females,25 to 54 years,Percentage,242,units ,0,v2599117,7.9.5.3.6,75.8,,,,1
2013,Ontario,2016A000235,Participation rate,Some postsecondary,Females,25 to 54 years,Percentage,242,units ,0,v2599117,7.9.5.3.6,76.9,,,,1
2014,Ontario,2016A000235,Participation rate,Some postsecondary,Females,25 to 54 years,Percentage,242,units ,0,v2599117,7.9.5.3.6,75.6,,,,1
2015,Ontario,2016A000235,Participation rate,Some postsecondary,Females,25 to 54 years,Percentage,242,units ,0,v2599117,7.9.5.3.6,73,,,,1
2016,Ontario,2016A000235,Participation rate,Some postsecondary,Females,25 to 54 years,Percentage,242,units ,0,v2599117,7.9.5.3.6,73.2,,,,1
2017,Ontario,2016A000235,Participation rate,Some postsecondary,Females,25 to 54 years,Percentage,242,units ,0,v2599117,7.9.5.3.6,73.9,,,,1
2018,Ontario,2016A000235,Participation rate,Some postsecondary,Females,25 to 54 years,Percentage,242,units ,0,v2599117,7.9.5.3.6,74.2,,,,1
1990,Ontario,2016A000235,Participation rate,Postsecondary certificate or diploma,Males,25 to 54 years,Percentage,242,units ,0,v2598308,7.9.6.2.6,96.3,,,,1
1991,Ontario,2016A000235,Participation rate,Postsecondary certificate or diploma,Males,25 to 54 years,Percentage,242,units ,0,v2598308,7.9.6.2.6,96.6,,,,1
1992,Ontario,2016A000235,Participation rate,Postsecondary certificate or diploma,Males,25 to 54 years,Percentage,242,units ,0,v2598308,7.9.6.2.6,95.5,,,,1
1993,Ontario,2016A000235,Participation rate,Postsecondary certificate or diploma,Males,25 to 54 years,Percentage,242,units ,0,v2598308,7.9.6.2.6,95.6,,,,1
1994,Ontario,2016A000235,Participation rate,Postsecondary certificate or diploma,Males,25 to 54 years,Percentage,242,units ,0,v2598308,7.9.6.2.6,94.9,,,,1
1995,Ontario,2016A000235,Participation rate,Postsecondary certificate or diploma,Males,25 to 54 years,Percentage,242,units ,0,v2598308,7.9.6.2.6,94.4,,,,1
1996,Ontario,2016A000235,Participation rate,Postsecondary certificate or diploma,Males,25 to 54 years,Percentage,242,units ,0,v2598308,7.9.6.2.6,94.2,,,,1
1997,Ontario,2016A000235,Participation rate,Postsecondary certificate or diploma,Males,25 to 54 years,Percentage,242,units ,0,v2598308,7.9.6.2.6,94.8,,,,1
1998,Ontario,2016A000235,Participation rate,Postsecondary certificate or diploma,Males,25 to 54 years,Percentage,242,units ,0,v2598308,7.9.6.2.6,94.7,,,,1
1999,Ontario,2016A000235,Participation rate,Postsecondary certificate or diploma,Males,25 to 54 years,Percentage,242,units ,0,v2598308,7.9.6.2.6,95.2,,,,1
2000,Ontario,2016A000235,Participation rate,Postsecondary certificate or diploma,Males,25 to 54 years,Percentage,242,units ,0,v2598308,7.9.6.2.6,95,,,,1
2001,Ontario,2016A000235,Participation rate,Postsecondary certificate or diploma,Males,25 to 54 years,Percentage,242,units ,0,v2598308,7.9.6.2.6,94.7,,,,1
2002,Ontario,2016A000235,Participation rate,Postsecondary certificate or diploma,Males,25 to 54 years,Percentage,242,units ,0,v2598308,7.9.6.2.6,95.1,,,,1
2003,Ontario,2016A000235,Participation rate,Postsecondary certificate or diploma,Males,25 to 54 years,Percentage,242,units ,0,v2598308,7.9.6.2.6,95.7,,,,1
2004,Ontario,2016A000235,Participation rate,Postsecondary certificate or diploma,Males,25 to 54 years,Percentage,242,units ,0,v2598308,7.9.6.2.6,94.8,,,,1
2005,Ontario,2016A000235,Participation rate,Postsecondary certificate or diploma,Males,25 to 54 years,Percentage,242,units ,0,v2598308,7.9.6.2.6,94.8,,,,1
2006,Ontario,2016A000235,Participation rate,Postsecondary certificate or diploma,Males,25 to 54 years,Percentage,242,units ,0,v2598308,7.9.6.2.6,94.5,,,,1
2007,Ontario,2016A000235,Participation rate,Postsecondary certificate or diploma,Males,25 to 54 years,Percentage,242,units ,0,v2598308,7.9.6.2.6,93.6,,,,1
2008,Ontario,2016A000235,Participation rate,Postsecondary certificate or diploma,Males,25 to 54 years,Percentage,242,units ,0,v2598308,7.9.6.2.6,94.6,,,,1
2009,Ontario,2016A000235,Participation rate,Postsecondary certificate or diploma,Males,25 to 54 years,Percentage,242,units ,0,v2598308,7.9.6.2.6,93.6,,,,1
2010,Ontario,2016A000235,Participation rate,Postsecondary certificate or diploma,Males,25 to 54 years,Percentage,242,units ,0,v2598308,7.9.6.2.6,93.1,,,,1
2011,Ontario,2016A000235,Participation rate,Postsecondary certificate or diploma,Males,25 to 54 years,Percentage,242,units ,0,v2598308,7.9.6.2.6,93,,,,1
2012,Ontario,2016A000235,Participation rate,Postsecondary certificate or diploma,Males,25 to 54 years,Percentage,242,units ,0,v2598308,7.9.6.2.6,93,,,,1
2013,Ontario,2016A000235,Participation rate,Postsecondary certificate or diploma,Males,25 to 54 years,Percentage,242,units ,0,v2598308,7.9.6.2.6,93.8,,,,1
2014,Ontario,2016A000235,Participation rate,Postsecondary certificate or diploma,Males,25 to 54 years,Percentage,242,units ,0,v2598308,7.9.6.2.6,94,,,,1
2015,Ontario,2016A000235,Participation rate,Postsecondary certificate or diploma,Males,25 to 54 years,Percentage,242,units ,0,v2598308,7.9.6.2.6,93.6,,,,1
2016,Ontario,2016A000235,Participation rate,Postsecondary certificate or diploma,Males,25 to 54 years,Percentage,242,units ,0,v2598308,7.9.6.2.6,93.5,,,,1
2017,Ontario,2016A000235,Participation rate,Postsecondary certificate or diploma,Males,25 to 54 years,Percentage,242,units ,0,v2598308,7.9.6.2.6,92.7,,,,1
2018,Ontario,2016A000235,Participation rate,Postsecondary certificate or diploma,Males,25 to 54 years,Percentage,242,units ,0,v2598308,7.9.6.2.6,93,,,,1
1990,Ontario,2016A000235,Participation rate,Postsecondary certificate or diploma,Females,25 to 54 years,Percentage,242,units ,0,v2599118,7.9.6.3.6,85.3,,,,1
1991,Ontario,2016A000235,Participation rate,Postsecondary certificate or diploma,Females,25 to 54 years,Percentage,242,units ,0,v2599118,7.9.6.3.6,85.6,,,,1
1992,Ontario,2016A000235,Participation rate,Postsecondary certificate or diploma,Females,25 to 54 years,Percentage,242,units ,0,v2599118,7.9.6.3.6,83.7,,,,1
1993,Ontario,2016A000235,Participation rate,Postsecondary certificate or diploma,Females,25 to 54 years,Percentage,242,units ,0,v2599118,7.9.6.3.6,84.4,,,,1
1994,Ontario,2016A000235,Participation rate,Postsecondary certificate or diploma,Females,25 to 54 years,Percentage,242,units ,0,v2599118,7.9.6.3.6,82.7,,,,1
1995,Ontario,2016A000235,Participation rate,Postsecondary certificate or diploma,Females,25 to 54 years,Percentage,242,units ,0,v2599118,7.9.6.3.6,83.1,,,,1
1996,Ontario,2016A000235,Participation rate,Postsecondary certificate or diploma,Females,25 to 54 years,Percentage,242,units ,0,v2599118,7.9.6.3.6,83.7,,,,1
1997,Ontario,2016A000235,Participation rate,Postsecondary certificate or diploma,Females,25 to 54 years,Percentage,242,units ,0,v2599118,7.9.6.3.6,83.2,,,,1
1998,Ontario,2016A000235,Participation rate,Postsecondary certificate or diploma,Females,25 to 54 years,Percentage,242,units ,0,v2599118,7.9.6.3.6,84.2,,,,1
1999,Ontario,2016A000235,Participation rate,Postsecondary certificate or diploma,Females,25 to 54 years,Percentage,242,units ,0,v2599118,7.9.6.3.6,83.5,,,,1
2000,Ontario,2016A000235,Participation rate,Postsecondary certificate or diploma,Females,25 to 54 years,Percentage,242,units ,0,v2599118,7.9.6.3.6,84.4,,,,1
2001,Ontario,2016A000235,Participation rate,Postsecondary certificate or diploma,Females,25 to 54 years,Percentage,242,units ,0,v2599118,7.9.6.3.6,84.9,,,,1
2002,Ontario,2016A000235,Participation rate,Postsecondary certificate or diploma,Females,25 to 54 years,Percentage,242,units ,0,v2599118,7.9.6.3.6,86.1,,,,1
2003,Ontario,2016A000235,Participation rate,Postsecondary certificate or diploma,Females,25 to 54 years,Percentage,242,units ,0,v2599118,7.9.6.3.6,86.4,,,,1
2004,Ontario,2016A000235,Participation rate,Postsecondary certificate or diploma,Females,25 to 54 years,Percentage,242,units ,0,v2599118,7.9.6.3.6,86.2,,,,1
2005,Ontario,2016A000235,Participation rate,Postsecondary certificate or diploma,Females,25 to 54 years,Percentage,242,units ,0,v2599118,7.9.6.3.6,85.9,,,,1
2006,Ontario,2016A000235,Participation rate,Postsecondary certificate or diploma,Females,25 to 54 years,Percentage,242,units ,0,v2599118,7.9.6.3.6,85.9,,,,1
2007,Ontario,2016A000235,Participation rate,Postsecondary certificate or diploma,Females,25 to 54 years,Percentage,242,units ,0,v2599118,7.9.6.3.6,86.6,,,,1
2008,Ontario,2016A000235,Participation rate,Postsecondary certificate or diploma,Females,25 to 54 years,Percentage,242,units ,0,v2599118,7.9.6.3.6,86.9,,,,1
2009,Ontario,2016A000235,Participation rate,Postsecondary certificate or diploma,Females,25 to 54 years,Percentage,242,units ,0,v2599118,7.9.6.3.6,86.7,,,,1
2010,Ontario,2016A000235,Participation rate,Postsecondary certificate or diploma,Females,25 to 54 years,Percentage,242,units ,0,v2599118,7.9.6.3.6,85.5,,,,1
2011,Ontario,2016A000235,Participation rate,Postsecondary certificate or diploma,Females,25 to 54 years,Percentage,242,units ,0,v2599118,7.9.6.3.6,85.7,,,,1
2012,Ontario,2016A000235,Participation rate,Postsecondary certificate or diploma,Females,25 to 54 years,Percentage,242,units ,0,v2599118,7.9.6.3.6,86.5,,,,1
2013,Ontario,2016A000235,Participation rate,Postsecondary certificate or diploma,Females,25 to 54 years,Percentage,242,units ,0,v2599118,7.9.6.3.6,86.5,,,,1
2014,Ontario,2016A000235,Participation rate,Postsecondary certificate or diploma,Females,25 to 54 years,Percentage,242,units ,0,v2599118,7.9.6.3.6,85.3,,,,1
2015,Ontario,2016A000235,Participation rate,Postsecondary certificate or diploma,Females,25 to 54 years,Percentage,242,units ,0,v2599118,7.9.6.3.6,85.4,,,,1
2016,Ontario,2016A000235,Participation rate,Postsecondary certificate or diploma,Females,25 to 54 years,Percentage,242,units ,0,v2599118,7.9.6.3.6,85.4,,,,1
2017,Ontario,2016A000235,Participation rate,Postsecondary certificate or diploma,Females,25 to 54 years,Percentage,242,units ,0,v2599118,7.9.6.3.6,84.6,,,,1
2018,Ontario,2016A000235,Participation rate,Postsecondary certificate or diploma,Females,25 to 54 years,Percentage,242,units ,0,v2599118,7.9.6.3.6,86,,,,1
1990,Ontario,2016A000235,Participation rate,University degree,Males,25 to 54 years,Percentage,242,units ,0,v2598309,7.9.7.2.6,96.3,,,,1
1991,Ontario,2016A000235,Participation rate,University degree,Males,25 to 54 years,Percentage,242,units ,0,v2598309,7.9.7.2.6,96.7,,,,1
1992,Ontario,2016A000235,Participation rate,University degree,Males,25 to 54 years,Percentage,242,units ,0,v2598309,7.9.7.2.6,96.4,,,,1
1993,Ontario,2016A000235,Participation rate,University degree,Males,25 to 54 years,Percentage,242,units ,0,v2598309,7.9.7.2.6,96.1,,,,1
1994,Ontario,2016A000235,Participation rate,University degree,Males,25 to 54 years,Percentage,242,units ,0,v2598309,7.9.7.2.6,95.3,,,,1
1995,Ontario,2016A000235,Participation rate,University degree,Males,25 to 54 years,Percentage,242,units ,0,v2598309,7.9.7.2.6,95.5,,,,1
1996,Ontario,2016A000235,Participation rate,University degree,Males,25 to 54 years,Percentage,242,units ,0,v2598309,7.9.7.2.6,94.9,,,,1
1997,Ontario,2016A000235,Participation rate,University degree,Males,25 to 54 years,Percentage,242,units ,0,v2598309,7.9.7.2.6,94.3,,,,1
1998,Ontario,2016A000235,Participation rate,University degree,Males,25 to 54 years,Percentage,242,units ,0,v2598309,7.9.7.2.6,94.9,,,,1
1999,Ontario,2016A000235,Participation rate,University degree,Males,25 to 54 years,Percentage,242,units ,0,v2598309,7.9.7.2.6,95.1,,,,1
2000,Ontario,2016A000235,Participation rate,University degree,Males,25 to 54 years,Percentage,242,units ,0,v2598309,7.9.7.2.6,95.1,,,,1
2001,Ontario,2016A000235,Participation rate,University degree,Males,25 to 54 years,Percentage,242,units ,0,v2598309,7.9.7.2.6,94.3,,,,1
2002,Ontario,2016A000235,Participation rate,University degree,Males,25 to 54 years,Percentage,242,units ,0,v2598309,7.9.7.2.6,94.3,,,,1
2003,Ontario,2016A000235,Participation rate,University degree,Males,25 to 54 years,Percentage,242,units ,0,v2598309,7.9.7.2.6,94.3,,,,1
2004,Ontario,2016A000235,Participation rate,University degree,Males,25 to 54 years,Percentage,242,units ,0,v2598309,7.9.7.2.6,94.2,,,,1
2005,Ontario,2016A000235,Participation rate,University degree,Males,25 to 54 years,Percentage,242,units ,0,v2598309,7.9.7.2.6,94.7,,,,1
2006,Ontario,2016A000235,Participation rate,University degree,Males,25 to 54 years,Percentage,242,units ,0,v2598309,7.9.7.2.6,95.1,,,,1
2007,Ontario,2016A000235,Participation rate,University degree,Males,25 to 54 years,Percentage,242,units ,0,v2598309,7.9.7.2.6,93.5,,,,1
2008,Ontario,2016A000235,Participation rate,University degree,Males,25 to 54 years,Percentage,242,units ,0,v2598309,7.9.7.2.6,94.4,,,,1
2009,Ontario,2016A000235,Participation rate,University degree,Males,25 to 54 years,Percentage,242,units ,0,v2598309,7.9.7.2.6,93.9,,,,1
2010,Ontario,2016A000235,Participation rate,University degree,Males,25 to 54 years,Percentage,242,units ,0,v2598309,7.9.7.2.6,94.1,,,,1
2011,Ontario,2016A000235,Participation rate,University degree,Males,25 to 54 years,Percentage,242,units ,0,v2598309,7.9.7.2.6,94.2,,,,1
2012,Ontario,2016A000235,Participation rate,University degree,Males,25 to 54 years,Percentage,242,units ,0,v2598309,7.9.7.2.6,94.8,,,,1
2013,Ontario,2016A000235,Participation rate,University degree,Males,25 to 54 years,Percentage,242,units ,0,v2598309,7.9.7.2.6,94,,,,1
2014,Ontario,2016A000235,Participation rate,University degree,Males,25 to 54 years,Percentage,242,units ,0,v2598309,7.9.7.2.6,93.5,,,,1
2015,Ontario,2016A000235,Participation rate,University degree,Males,25 to 54 years,Percentage,242,units ,0,v2598309,7.9.7.2.6,94.6,,,,1
2016,Ontario,2016A000235,Participation rate,University degree,Males,25 to 54 years,Percentage,242,units ,0,v2598309,7.9.7.2.6,94.5,,,,1
2017,Ontario,2016A000235,Participation rate,University degree,Males,25 to 54 years,Percentage,242,units ,0,v2598309,7.9.7.2.6,94.6,,,,1
2018,Ontario,2016A000235,Participation rate,University degree,Males,25 to 54 years,Percentage,242,units ,0,v2598309,7.9.7.2.6,93.5,,,,1
1990,Ontario,2016A000235,Participation rate,University degree,Females,25 to 54 years,Percentage,242,units ,0,v2599119,7.9.7.3.6,86.9,,,,1
1991,Ontario,2016A000235,Participation rate,University degree,Females,25 to 54 years,Percentage,242,units ,0,v2599119,7.9.7.3.6,87.9,,,,1
1992,Ontario,2016A000235,Participation rate,University degree,Females,25 to 54 years,Percentage,242,units ,0,v2599119,7.9.7.3.6,86.8,,,,1
1993,Ontario,2016A000235,Participation rate,University degree,Females,25 to 54 years,Percentage,242,units ,0,v2599119,7.9.7.3.6,88.5,,,,1
1994,Ontario,2016A000235,Participation rate,University degree,Females,25 to 54 years,Percentage,242,units ,0,v2599119,7.9.7.3.6,86.8,,,,1
1995,Ontario,2016A000235,Participation rate,University degree,Females,25 to 54 years,Percentage,242,units ,0,v2599119,7.9.7.3.6,86.1,,,,1
1996,Ontario,2016A000235,Participation rate,University degree,Females,25 to 54 years,Percentage,242,units ,0,v2599119,7.9.7.3.6,86.8,,,,1
1997,Ontario,2016A000235,Participation rate,University degree,Females,25 to 54 years,Percentage,242,units ,0,v2599119,7.9.7.3.6,85.3,,,,1
1998,Ontario,2016A000235,Participation rate,University degree,Females,25 to 54 years,Percentage,242,units ,0,v2599119,7.9.7.3.6,87.1,,,,1
1999,Ontario,2016A000235,Participation rate,University degree,Females,25 to 54 years,Percentage,242,units ,0,v2599119,7.9.7.3.6,87.1,,,,1
2000,Ontario,2016A000235,Participation rate,University degree,Females,25 to 54 years,Percentage,242,units ,0,v2599119,7.9.7.3.6,85.3,,,,1
2001,Ontario,2016A000235,Participation rate,University degree,Females,25 to 54 years,Percentage,242,units ,0,v2599119,7.9.7.3.6,86.4,,,,1
2002,Ontario,2016A000235,Participation rate,University degree,Females,25 to 54 years,Percentage,242,units ,0,v2599119,7.9.7.3.6,86.5,,,,1
2003,Ontario,2016A000235,Participation rate,University degree,Females,25 to 54 years,Percentage,242,units ,0,v2599119,7.9.7.3.6,85.1,,,,1
2004,Ontario,2016A000235,Participation rate,University degree,Females,25 to 54 years,Percentage,242,units ,0,v2599119,7.9.7.3.6,86.3,,,,1
2005,Ontario,2016A000235,Participation rate,University degree,Females,25 to 54 years,Percentage,242,units ,0,v2599119,7.9.7.3.6,86.6,,,,1
2006,Ontario,2016A000235,Participation rate,University degree,Females,25 to 54 years,Percentage,242,units ,0,v2599119,7.9.7.3.6,85.6,,,,1
2007,Ontario,2016A000235,Participation rate,University degree,Females,25 to 54 years,Percentage,242,units ,0,v2599119,7.9.7.3.6,85.9,,,,1
2008,Ontario,2016A000235,Participation rate,University degree,Females,25 to 54 years,Percentage,242,units ,0,v2599119,7.9.7.3.6,85.6,,,,1
2009,Ontario,2016A000235,Participation rate,University degree,Females,25 to 54 years,Percentage,242,units ,0,v2599119,7.9.7.3.6,86.2,,,,1
2010,Ontario,2016A000235,Participation rate,University degree,Females,25 to 54 years,Percentage,242,units ,0,v2599119,7.9.7.3.6,87.1,,,,1
2011,Ontario,2016A000235,Participation rate,University degree,Females,25 to 54 years,Percentage,242,units ,0,v2599119,7.9.7.3.6,87.1,,,,1
2012,Ontario,2016A000235,Participation rate,University degree,Females,25 to 54 years,Percentage,242,units ,0,v2599119,7.9.7.3.6,86.8,,,,1
2013,Ontario,2016A000235,Participation rate,University degree,Females,25 to 54 years,Percentage,242,units ,0,v2599119,7.9.7.3.6,87.9,,,,1
2014,Ontario,2016A000235,Participation rate,University degree,Females,25 to 54 years,Percentage,242,units ,0,v2599119,7.9.7.3.6,86.7,,,,1
2015,Ontario,2016A000235,Participation rate,University degree,Females,25 to 54 years,Percentage,242,units ,0,v2599119,7.9.7.3.6,86.5,,,,1
2016,Ontario,2016A000235,Participation rate,University degree,Females,25 to 54 years,Percentage,242,units ,0,v2599119,7.9.7.3.6,86.1,,,,1
2017,Ontario,2016A000235,Participation rate,University degree,Females,25 to 54 years,Percentage,242,units ,0,v2599119,7.9.7.3.6,87.1,,,,1
2018,Ontario,2016A000235,Participation rate,University degree,Females,25 to 54 years,Percentage,242,units ,0,v2599119,7.9.7.3.6,87.1,,,,1
